อุปกรณ์,รายละเอียด,ความพร้อมใช้งาน (%),จำนวนครั้ง Initializing,ระยะเวลา Initializing (seconds),จำนวนครั้ง Telemetry Failure,ระยะเวลา Telemetry Failure (seconds),จำนวนครั้ง Connecting,ระยะเวลา Connecting (seconds),ช่วงเวลาความพร้อมใช้งาน
S1-AVR-0003,PTH04A-01,80.85663309576194,208.0,343.24399999999997,7.0,70.89,202.0,551.3149999999999,ม.ค. 2025
S1-AVR-0004,RBB08A-01,84.33765009520133,189.0,351.989,9.0,1.9320000000000002,188.0,400.395,ม.ค. 2025
S1-AVR-0005,PBA06A-01,79.51407037356958,141.0,253.141,15.0,77.945,140.0,339.137,ม.ค. 2025
S1-AVR-0006,HUU03A-01,98.43418327352786,186.0,281.764,5.0,0.7060000000000001,184.0,464.358,ม.ค. 2025
S1-AVR-0007,TSE05A-01,66.49787293052468,114.0,55.436,4.0,0.059,114.0,94.291,ม.ค. 2025
S1-AVR-0008,LSA03A-01,68.6959355561321,136.0,38.799,3.0,2.6759999999999997,126.0,57.464,ม.ค. 2025
S1-AVR-0009,LSA09A-01,0.0,94.0,1344.025,0.0,0.0,91.0,312.801,ม.ค. 2025
S1-AVR-0010,LSA10A-01,98.21363571610392,502.0,1013.818,3.0,0.33099999999999996,492.0,1580.307,ม.ค. 2025
S1-AVR-0011,CPA08A-01,42.02958009395065,121.0,21.428,3.0,0.061,118.0,35.031,ม.ค. 2025
S1-AVR-0012,XPA04A-01,79.12408715404989,1891.0,7535.889,276.0,2505.922,1894.0,17353.5,ม.ค. 2025
S1-AVR-0013,XPA01A-01,77.47498008869871,224.0,544.116,6.0,21.027,221.0,700.746,ม.ค. 2025
S1-CSW-0001,PBA01YB-01,100.0,0.0,0.0,0.0,0.0,0.0,0.0,ม.ค. 2025
S1-LBS-0001,RBB02YS-20,34.515010922882176,2732.0,38711.783,457.0,4566.5380000000005,2731.0,169881.125,ม.ค. 2025
S1-LBS-0002,RBB05YS-05,63.064092888225275,259.0,243.25,2.0,0.07100000000000001,251.0,912.152,ม.ค. 2025
S1-LBS-0003,KHY04YS-07,46.625747489907944,2390.0,52234.421,173.0,44212.144,2387.0,100686.13299999999,ม.ค. 2025
S1-LBS-0004,RBB04YS-05,41.4018793294592,381.0,2714.84,2.0,4.073,378.0,5072.616,ม.ค. 2025
S1-LBS-0005,PTR03YS-06,7.456281815884813,442.0,7053.975,2.0,0.044,437.0,96576.283,ม.ค. 2025
S1-LBS-0006,BSP03YS-09,71.26879381756659,68.0,179.809,7.0,7.958,66.0,219.62800000000001,ม.ค. 2025
S1-LBS-0007,BSP03YS-08,53.066191781433695,40.0,98.961,10.0,18.893,36.0,50.292,ม.ค. 2025
S1-LBS-0008,BSP02YS-10,23.87318399770987,41.0,14.677,8.0,1.963,36.0,142.918,ม.ค. 2025
S1-LBS-0009,BSP01YS-07,100.0,0.0,0.0,0.0,0.0,0.0,0.0,ม.ค. 2025
S1-LBS-0010,BSP02YS-08,28.686100549218423,29.0,13.960999999999999,8.0,0.288,23.0,24.575,ม.ค. 2025
S1-LBS-0011,RBB02YS-10,40.226831198471466,152.0,193.759,7.0,1.87,144.0,214.504,ม.ค. 2025
S1-LBS-0012,TSE03YS-05,39.62554304106282,197.0,174.962,3.0,0.43400000000000005,192.0,1294.104,ม.ค. 2025
S1-LBS-0013,TSE03YS-08,50.84706791504006,173.0,166.371,3.0,1.057,171.0,1119.634,ม.ค. 2025
S1-LBS-0014,RBB03YS-06,35.32879222919582,1120.0,21971.362,1037.0,19943.752,1111.0,37391.245,ม.ค. 2025
S1-LBS-0015,CAB04YS-07,33.40620554679389,1548.0,18749.972,772.0,52423.594,1545.0,114914.201,ม.ค. 2025
S1-LBS-0016,HUB02YS-07,98.27288232778032,209.0,372.432,10.0,0.654,204.0,494.885,ม.ค. 2025
S1-LBS-0017,CPB02YS-03,89.60881636700594,124.0,150.637,10.0,0.196,118.0,225.563,ม.ค. 2025
S1-LBS-0018,RBB03YS-07,94.79114319724128,115.0,157.006,15.0,2.289,111.0,153.321,ม.ค. 2025
S1-LBS-0019,PTR07YS-04,92.56025993950662,153.0,179.583,11.0,2.3329999999999997,152.0,132.801,ม.ค. 2025
S1-LBS-0020,RBB05YS-15,52.402043952807034,151.0,242.502,3.0,0.023,145.0,329.502,ม.ค. 2025
S1-LBS-0021,PTH04YS-05,53.2791551562929,284.0,2681.779,10.0,87.718,276.0,3863.281,ม.ค. 2025
S1-LBS-0022,BPB05YS-04,49.282893237201726,398.0,7420.797,4.0,131.612,393.0,9517.545,ม.ค. 2025
S1-LBS-0023,BPB01YS-04,54.563680536975426,51.0,809.284,6.0,107.14999999999999,46.0,601.767,ม.ค. 2025
S1-LBS-0024,BPB05YS-07,82.8695593651362,322.0,3818.293,10.0,98.444,319.0,7432.977,ม.ค. 2025
S1-RCS-0001,BSP10S-19,100.0,0.0,0.0,0.0,0.0,0.0,0.0,ม.ค. 2025
S1-RCS-0002,BSR06S-09,100.0,0.0,0.0,0.0,0.0,0.0,0.0,ม.ค. 2025
S1-RCS-0003,HUB05S-51,100.0,0.0,0.0,0.0,0.0,0.0,0.0,ม.ค. 2025
S1-RCS-0004,BSP09S-09,100.0,0.0,0.0,0.0,0.0,0.0,0.0,ม.ค. 2025
S1-RCS-0005,BSR07S-08,100.0,0.0,0.0,0.0,0.0,0.0,0.0,ม.ค. 2025
S1-RCS-0006,BSP09S-15,100.0,0.0,0.0,0.0,0.0,0.0,0.0,ม.ค. 2025
S1-RCS-0007,CBN04S-28,100.0,0.0,0.0,0.0,0.0,0.0,0.0,ม.ค. 2025
S1-RCS-0008,TSE02S-27,100.0,0.0,0.0,0.0,0.0,0.0,0.0,ม.ค. 2025
S1-RCS-0009,TSE09S-11,100.0,0.0,0.0,0.0,0.0,0.0,0.0,ม.ค. 2025
S1-RCS-0010,CAB04S-08,100.0,0.0,0.0,0.0,0.0,0.0,0.0,ม.ค. 2025
S1-RCS-0011,CAB10S-14,100.0,0.0,0.0,0.0,0.0,0.0,0.0,ม.ค. 2025
S1-RCS-0012,CAA06S-07,100.0,0.0,0.0,0.0,0.0,0.0,0.0,ม.ค. 2025
S1-RCS-0013,CAA03S-13,100.0,0.0,0.0,0.0,0.0,0.0,0.0,ม.ค. 2025
S1-RCS-0014,CAA03S-10,100.0,0.0,0.0,0.0,0.0,0.0,0.0,ม.ค. 2025
S1-RCS-0015,CAB09S-10,100.0,0.0,0.0,0.0,0.0,0.0,0.0,ม.ค. 2025
S1-RCS-0016,CAA03S-05,100.0,0.0,0.0,0.0,0.0,0.0,0.0,ม.ค. 2025
S1-RCS-0017,CAB10S-12,100.0,0.0,0.0,0.0,0.0,0.0,0.0,ม.ค. 2025
S1-RCS-0018,CAB04S-05,100.0,0.0,0.0,0.0,0.0,0.0,0.0,ม.ค. 2025
S1-RCS-0019,HUB09S-06,100.0,0.0,0.0,0.0,0.0,0.0,0.0,ม.ค. 2025
S1-RCS-0020,HUB06S-03,100.0,0.0,0.0,0.0,0.0,0.0,0.0,ม.ค. 2025
S1-RCS-0021,PBB04S-04,100.0,0.0,0.0,0.0,0.0,0.0,0.0,ม.ค. 2025
S1-RCS-0022,CAB05S-12,100.0,0.0,0.0,0.0,0.0,0.0,0.0,ม.ค. 2025
S1-RCS-0023,CAA06S-05,100.0,0.0,0.0,0.0,0.0,0.0,0.0,ม.ค. 2025
S1-RCS-0024,CPB07S-10,100.0,0.0,0.0,0.0,0.0,0.0,0.0,ม.ค. 2025
S1-RCS-0025,CPA03S-05,100.0,0.0,0.0,0.0,0.0,0.0,0.0,ม.ค. 2025
S1-RCS-0026,RNB08S-16,100.0,0.0,0.0,0.0,0.0,0.0,0.0,ม.ค. 2025
S1-RCS-0027,RNB07S-16,100.0,0.0,0.0,0.0,0.0,0.0,0.0,ม.ค. 2025
S1-RCS-0028,TSE08S-04,100.0,0.0,0.0,0.0,0.0,0.0,0.0,ม.ค. 2025
S1-RCS-0029,TSE07S-13,100.0,0.0,0.0,0.0,0.0,0.0,0.0,ม.ค. 2025
S1-RCS-0030,TSE07S-11,100.0,0.0,0.0,0.0,0.0,0.0,0.0,ม.ค. 2025
S1-RCS-0031,RIU01S-04,100.0,0.0,0.0,0.0,0.0,0.0,0.0,ม.ค. 2025
S1-RCS-0032,CAA07S-07,100.0,0.0,0.0,0.0,0.0,0.0,0.0,ม.ค. 2025
S1-RCS-0033,CPA01S-10,100.0,0.0,0.0,0.0,0.0,0.0,0.0,ม.ค. 2025
S1-RCS-0034,TSE05S-06,100.0,0.0,0.0,0.0,0.0,0.0,0.0,ม.ค. 2025
S1-RCS-0035,TSE08S-10,100.0,0.0,0.0,0.0,0.0,0.0,0.0,ม.ค. 2025
S1-RCS-0036,CPB07S-06,100.0,0.0,0.0,0.0,0.0,0.0,0.0,ม.ค. 2025
S1-RCS-0037,CPB10S-08,100.0,0.0,0.0,0.0,0.0,0.0,0.0,ม.ค. 2025
S1-RCS-0038,CPB08S-07,100.0,0.0,0.0,0.0,0.0,0.0,0.0,ม.ค. 2025
S1-RCS-0039,CPB06S-09,100.0,0.0,0.0,0.0,0.0,0.0,0.0,ม.ค. 2025
S1-RCS-0040,DNA07S-09,100.0,0.0,0.0,0.0,0.0,0.0,0.0,ม.ค. 2025
S1-RCS-0041,DNA07S-10,100.0,0.0,0.0,0.0,0.0,0.0,0.0,ม.ค. 2025
S1-RCS-0042,DNA02S-12,100.0,0.0,0.0,0.0,0.0,0.0,0.0,ม.ค. 2025
S1-RCS-0043,DNA02S-17,100.0,0.0,0.0,0.0,0.0,0.0,0.0,ม.ค. 2025
S1-RCS-0044,DNA01S-10,100.0,0.0,0.0,0.0,0.0,0.0,0.0,ม.ค. 2025
S1-RCS-0045,CAB10S-04,100.0,0.0,0.0,0.0,0.0,0.0,0.0,ม.ค. 2025
S1-RCS-0046,HUB05S-03,100.0,0.0,0.0,0.0,0.0,0.0,0.0,ม.ค. 2025
S1-RCS-0047,HUB04S-10,100.0,0.0,0.0,0.0,0.0,0.0,0.0,ม.ค. 2025
S1-RCS-0048,CAB05S-08,100.0,0.0,0.0,0.0,0.0,0.0,0.0,ม.ค. 2025
S1-RCS-0049,HUB05S-04,100.0,0.0,0.0,0.0,0.0,0.0,0.0,ม.ค. 2025
S1-RCS-0050,CAA04S-11,100.0,0.0,0.0,0.0,0.0,0.0,0.0,ม.ค. 2025
S1-RCS-0051,KDA01S-20,100.0,0.0,0.0,0.0,0.0,0.0,0.0,ม.ค. 2025
S1-RCS-0052,KHY10S-03,100.0,0.0,0.0,0.0,0.0,0.0,0.0,ม.ค. 2025
S1-RCS-0053,KHY09S-12,100.0,0.0,0.0,0.0,0.0,0.0,0.0,ม.ค. 2025
S1-RCS-0054,KHY10S-08,100.0,0.0,0.0,0.0,0.0,0.0,0.0,ม.ค. 2025
S1-RCS-0055,KHZ01S-10,100.0,0.0,0.0,0.0,0.0,0.0,0.0,ม.ค. 2025
S1-RCS-0056,KHY08S-04,100.0,0.0,0.0,0.0,0.0,0.0,0.0,ม.ค. 2025
S1-RCS-0057,KHY02S-14,100.0,0.0,0.0,0.0,0.0,0.0,0.0,ม.ค. 2025
S1-RCS-0058,CPA08S-09,100.0,0.0,0.0,0.0,0.0,0.0,0.0,ม.ค. 2025
S1-RCS-0059,HUB02S-10,100.0,0.0,0.0,0.0,0.0,0.0,0.0,ม.ค. 2025
S1-RCS-0060,TSE06S-16,100.0,0.0,0.0,0.0,0.0,0.0,0.0,ม.ค. 2025
S1-RCS-0061,TSE02S-18,100.0,0.0,0.0,0.0,0.0,0.0,0.0,ม.ค. 2025
S1-RCS-0062,PTR06S-15,100.0,0.0,0.0,0.0,0.0,0.0,0.0,ม.ค. 2025
S1-RCS-0063,HUB08S-06,100.0,0.0,0.0,0.0,0.0,0.0,0.0,ม.ค. 2025
S1-RCS-0064,PTR06S-08,100.0,0.0,0.0,0.0,0.0,0.0,0.0,ม.ค. 2025
S1-RCS-0065,RIU02S-05,100.0,0.0,0.0,0.0,0.0,0.0,0.0,ม.ค. 2025
S1-RCS-0066,CAB04S-07,100.0,0.0,0.0,0.0,0.0,0.0,0.0,ม.ค. 2025
S1-RCS-0067,CAB04S-10,100.0,0.0,0.0,0.0,0.0,0.0,0.0,ม.ค. 2025
S1-RCS-0068,PBA07S-14,100.0,0.0,0.0,0.0,0.0,0.0,0.0,ม.ค. 2025
S1-RCS-0069,PBB02S-06,100.0,0.0,0.0,0.0,0.0,0.0,0.0,ม.ค. 2025
S1-RCS-0070,PBB02S-14,100.0,0.0,0.0,0.0,0.0,0.0,0.0,ม.ค. 2025
S1-RCS-0071,PBA11S-09,100.0,0.0,0.0,0.0,0.0,0.0,0.0,ม.ค. 2025
S1-RCS-0072,PBA10S-11,100.0,0.0,0.0,0.0,0.0,0.0,0.0,ม.ค. 2025
S1-RCS-0073,PBA06S-22,100.0,0.0,0.0,0.0,0.0,0.0,0.0,ม.ค. 2025
S1-RCS-0074,CAA06S-08,100.0,0.0,0.0,0.0,0.0,0.0,0.0,ม.ค. 2025
S1-RCS-0075,PBA09S-18,100.0,0.0,0.0,0.0,0.0,0.0,0.0,ม.ค. 2025
S1-RCS-0076,PBA01S-17,100.0,0.0,0.0,0.0,0.0,0.0,0.0,ม.ค. 2025
S1-RCS-0077,PBA07S-22,100.0,0.0,0.0,0.0,0.0,0.0,0.0,ม.ค. 2025
S1-RCS-0078,PTR03S-16,100.0,0.0,0.0,0.0,0.0,0.0,0.0,ม.ค. 2025
S1-RCS-0079,PBB05S-05,100.0,0.0,0.0,0.0,0.0,0.0,0.0,ม.ค. 2025
S1-RCS-0080,PTS01S-08,100.0,0.0,0.0,0.0,0.0,0.0,0.0,ม.ค. 2025
S1-RCS-0081,PTS02S-20,100.0,0.0,0.0,0.0,0.0,0.0,0.0,ม.ค. 2025
S1-RCS-0082,PDA07S-08,100.0,0.0,0.0,0.0,0.0,0.0,0.0,ม.ค. 2025
S1-RCS-0083,RIU03S-09,100.0,0.0,0.0,0.0,0.0,0.0,0.0,ม.ค. 2025
S1-RCS-0084,HUC02S-51,100.0,0.0,0.0,0.0,0.0,0.0,0.0,ม.ค. 2025
S1-RCS-0085,PDA10S-08,100.0,0.0,0.0,0.0,0.0,0.0,0.0,ม.ค. 2025
S1-RCS-0086,KUA01S-06,100.0,0.0,0.0,0.0,0.0,0.0,0.0,ม.ค. 2025
S1-RCS-0087,PDA04S-07,100.0,0.0,0.0,0.0,0.0,0.0,0.0,ม.ค. 2025
S1-RCS-0088,PDA08S-07,100.0,0.0,0.0,0.0,0.0,0.0,0.0,ม.ค. 2025
S1-RCS-0089,PDA06S-10,100.0,0.0,0.0,0.0,0.0,0.0,0.0,ม.ค. 2025
S1-RCS-0090,XPA02S-06,100.0,0.0,0.0,0.0,0.0,0.0,0.0,ม.ค. 2025
S1-RCS-0091,KUA04S-11,100.0,0.0,0.0,0.0,0.0,0.0,0.0,ม.ค. 2025
S1-RCS-0092,HUB02S-11,100.0,0.0,0.0,0.0,0.0,0.0,0.0,ม.ค. 2025
S1-RCS-0093,HUC02S-05,100.0,0.0,0.0,0.0,0.0,0.0,0.0,ม.ค. 2025
S1-RCS-0094,PNA01S-07,100.0,0.0,0.0,0.0,0.0,0.0,0.0,ม.ค. 2025
S1-RCS-0095,PNA02S-11,100.0,0.0,0.0,0.0,0.0,0.0,0.0,ม.ค. 2025
S1-RCS-0096,CAB05S-14,100.0,0.0,0.0,0.0,0.0,0.0,0.0,ม.ค. 2025
S1-RCS-0097,HUB09S-10,100.0,0.0,0.0,0.0,0.0,0.0,0.0,ม.ค. 2025
S1-RCS-0098,PNA05S-06,100.0,0.0,0.0,0.0,0.0,0.0,0.0,ม.ค. 2025
S1-RCS-0099,HUC03S-08,100.0,0.0,0.0,0.0,0.0,0.0,0.0,ม.ค. 2025
S1-RCS-0100,HUB09S-07,100.0,0.0,0.0,0.0,0.0,0.0,0.0,ม.ค. 2025
S1-RCS-0101,PNA07S-10,100.0,0.0,0.0,0.0,0.0,0.0,0.0,ม.ค. 2025
S1-RCS-0102,PNA01S-17,100.0,0.0,0.0,0.0,0.0,0.0,0.0,ม.ค. 2025
S1-RCS-0103,PNA07S-12,100.0,0.0,0.0,0.0,0.0,0.0,0.0,ม.ค. 2025
S1-RCS-0104,PTH03S-12,100.0,0.0,0.0,0.0,0.0,0.0,0.0,ม.ค. 2025
S1-RCS-0105,HUC03S-11,100.0,0.0,0.0,0.0,0.0,0.0,0.0,ม.ค. 2025
S1-RCS-0106,SSA09S-06,100.0,0.0,0.0,0.0,0.0,0.0,0.0,ม.ค. 2025
S1-RCS-0107,PTH06S-12,100.0,0.0,0.0,0.0,0.0,0.0,0.0,ม.ค. 2025
S1-RCS-0108,HUB03S-52,100.0,0.0,0.0,0.0,0.0,0.0,0.0,ม.ค. 2025
S1-RCS-0109,PTH07S-16,100.0,0.0,0.0,0.0,0.0,0.0,0.0,ม.ค. 2025
S1-RCS-0110,PNA08S-22,100.0,0.0,0.0,0.0,0.0,0.0,0.0,ม.ค. 2025
S1-RCS-0111,HUC02S-11,100.0,0.0,0.0,0.0,0.0,0.0,0.0,ม.ค. 2025
S1-RCS-0112,PTH04S-19,100.0,0.0,0.0,0.0,0.0,0.0,0.0,ม.ค. 2025
S1-RCS-0113,HUB10S-12,100.0,0.0,0.0,0.0,0.0,0.0,0.0,ม.ค. 2025
S1-RCS-0114,HUB03S-06,100.0,0.0,0.0,0.0,0.0,0.0,0.0,ม.ค. 2025
S1-RCS-0115,PTR03S-12,100.0,0.0,0.0,0.0,0.0,0.0,0.0,ม.ค. 2025
S1-RCS-0116,PTR02S-07,100.0,0.0,0.0,0.0,0.0,0.0,0.0,ม.ค. 2025
S1-RCS-0117,PTR01S-13,100.0,0.0,0.0,0.0,0.0,0.0,0.0,ม.ค. 2025
S1-RCS-0118,PTR02S-15,100.0,0.0,0.0,0.0,0.0,0.0,0.0,ม.ค. 2025
S1-RCS-0119,PTR05S-05,100.0,0.0,0.0,0.0,0.0,0.0,0.0,ม.ค. 2025
S1-RCS-0120,PTR05S-10,100.0,0.0,0.0,0.0,0.0,0.0,0.0,ม.ค. 2025
S1-RCS-0121,PTR07S-08,100.0,0.0,0.0,0.0,0.0,0.0,0.0,ม.ค. 2025
S1-RCS-0122,PTR10S-15,100.0,0.0,0.0,0.0,0.0,0.0,0.0,ม.ค. 2025
S1-RCS-0123,PTR04S-05,100.0,0.0,0.0,0.0,0.0,0.0,0.0,ม.ค. 2025
S1-RCS-0124,PTS05S-05,100.0,0.0,0.0,0.0,0.0,0.0,0.0,ม.ค. 2025
S1-RCS-0125,PTR08S-06,100.0,0.0,0.0,0.0,0.0,0.0,0.0,ม.ค. 2025
S1-RCS-0126,RBA08S-09,100.0,0.0,0.0,0.0,0.0,0.0,0.0,ม.ค. 2025
S1-RCS-0127,PTR02S-19,100.0,0.0,0.0,0.0,0.0,0.0,0.0,ม.ค. 2025
S1-RCS-0128,RBA06S-09,100.0,0.0,0.0,0.0,0.0,0.0,0.0,ม.ค. 2025
S1-RCS-0129,RBC05S-05,100.0,0.0,0.0,0.0,0.0,0.0,0.0,ม.ค. 2025
S1-RCS-0130,RBC03S-13,100.0,0.0,0.0,0.0,0.0,0.0,0.0,ม.ค. 2025
S1-RCS-0131,RBC03S-14,100.0,0.0,0.0,0.0,0.0,0.0,0.0,ม.ค. 2025
S1-RCS-0132,CBN06S-08,100.0,0.0,0.0,0.0,0.0,0.0,0.0,ม.ค. 2025
S1-RCS-0133,CBN10S-14,100.0,0.0,0.0,0.0,0.0,0.0,0.0,ม.ค. 2025
S1-RCS-0134,RBB03S-12,100.0,0.0,0.0,0.0,0.0,0.0,0.0,ม.ค. 2025
S1-RCS-0135,KUA02S-08,100.0,0.0,0.0,0.0,0.0,0.0,0.0,ม.ค. 2025
S1-RCS-0136,RBB08S-09,100.0,0.0,0.0,0.0,0.0,0.0,0.0,ม.ค. 2025
S1-RCS-0137,RBC04S-12,100.0,0.0,0.0,0.0,0.0,0.0,0.0,ม.ค. 2025
S1-RCS-0138,CBN02S-11,100.0,0.0,0.0,0.0,0.0,0.0,0.0,ม.ค. 2025
S1-RCS-0139,CBN01S-09,100.0,0.0,0.0,0.0,0.0,0.0,0.0,ม.ค. 2025
S1-RCS-0140,RBB03S-17,100.0,0.0,0.0,0.0,0.0,0.0,0.0,ม.ค. 2025
S1-RCS-0141,HUC02S-04,100.0,0.0,0.0,0.0,0.0,0.0,0.0,ม.ค. 2025
S1-RCS-0142,RBA06S-13,100.0,0.0,0.0,0.0,0.0,0.0,0.0,ม.ค. 2025
S1-RCS-0143,RBA06S-06,100.0,0.0,0.0,0.0,0.0,0.0,0.0,ม.ค. 2025
S1-RCS-0144,RBA06S-04,100.0,0.0,0.0,0.0,0.0,0.0,0.0,ม.ค. 2025
S1-RCS-0145,RNB04S-04,100.0,0.0,0.0,0.0,0.0,0.0,0.0,ม.ค. 2025
S1-RCS-0146,RNA05S-08,100.0,0.0,0.0,0.0,0.0,0.0,0.0,ม.ค. 2025
S1-RCS-0147,SSA09S-09,100.0,0.0,0.0,0.0,0.0,0.0,0.0,ม.ค. 2025
S1-RCS-0148,RNB09S-08,100.0,0.0,0.0,0.0,0.0,0.0,0.0,ม.ค. 2025
S1-RCS-0149,RNB03S-10,100.0,0.0,0.0,0.0,0.0,0.0,0.0,ม.ค. 2025
S1-RCS-0150,RNA03S-11,100.0,0.0,0.0,0.0,0.0,0.0,0.0,ม.ค. 2025
S1-RCS-0151,RNA05S-11,100.0,0.0,0.0,0.0,0.0,0.0,0.0,ม.ค. 2025
S1-RCS-0152,RNA06S-05,100.0,0.0,0.0,0.0,0.0,0.0,0.0,ม.ค. 2025
S1-RCS-0153,RNA06S-12,100.0,0.0,0.0,0.0,0.0,0.0,0.0,ม.ค. 2025
S1-RCS-0154,RNB02S-08,100.0,0.0,0.0,0.0,0.0,0.0,0.0,ม.ค. 2025
S1-RCS-0155,RNB02S-16,100.0,0.0,0.0,0.0,0.0,0.0,0.0,ม.ค. 2025
S1-RCS-0156,CBN10S-10,100.0,0.0,0.0,0.0,0.0,0.0,0.0,ม.ค. 2025
S1-RCS-0157,HUB09S-04,100.0,0.0,0.0,0.0,0.0,0.0,0.0,ม.ค. 2025
S1-RCS-0158,RNB03S-06,100.0,0.0,0.0,0.0,0.0,0.0,0.0,ม.ค. 2025
S1-RCS-0159,RNB08S-15,100.0,0.0,0.0,0.0,0.0,0.0,0.0,ม.ค. 2025
S1-RCS-0160,KUA09S-09,100.0,0.0,0.0,0.0,0.0,0.0,0.0,ม.ค. 2025
S1-RCS-0161,CBN04S-23,100.0,0.0,0.0,0.0,0.0,0.0,0.0,ม.ค. 2025
S1-RCS-0162,RNB02S-13,100.0,0.0,0.0,0.0,0.0,0.0,0.0,ม.ค. 2025
S1-RCS-0163,BSR01S-09,100.0,0.0,0.0,0.0,0.0,0.0,0.0,ม.ค. 2025
S1-RCS-0164,RNB05S-19,100.0,0.0,0.0,0.0,0.0,0.0,0.0,ม.ค. 2025
S1-RCS-0165,RNB06S-04,100.0,0.0,0.0,0.0,0.0,0.0,0.0,ม.ค. 2025
S1-RCS-0166,RNB01S-15,100.0,0.0,0.0,0.0,0.0,0.0,0.0,ม.ค. 2025
S1-RCS-0167,RNB01S-16,100.0,0.0,0.0,0.0,0.0,0.0,0.0,ม.ค. 2025
S1-RCS-0168,RNB07S-08,100.0,0.0,0.0,0.0,0.0,0.0,0.0,ม.ค. 2025
S1-RCS-0169,RNB01S-14,100.0,0.0,0.0,0.0,0.0,0.0,0.0,ม.ค. 2025
S1-RCS-0170,RNB07S-15,100.0,0.0,0.0,0.0,0.0,0.0,0.0,ม.ค. 2025
S1-RCS-0171,RNB03S-17,100.0,0.0,0.0,0.0,0.0,0.0,0.0,ม.ค. 2025
S1-RCS-0172,RNB01S-04,100.0,0.0,0.0,0.0,0.0,0.0,0.0,ม.ค. 2025
S1-RCS-0173,RNB01S-07,100.0,0.0,0.0,0.0,0.0,0.0,0.0,ม.ค. 2025
S1-RCS-0174,RNA02S-05,100.0,0.0,0.0,0.0,0.0,0.0,0.0,ม.ค. 2025
S1-RCS-0175,SSA04S-10,100.0,0.0,0.0,0.0,0.0,0.0,0.0,ม.ค. 2025
S1-RCS-0176,SSA09S-12,100.0,0.0,0.0,0.0,0.0,0.0,0.0,ม.ค. 2025
S1-RCS-0177,HUB05S-52,100.0,0.0,0.0,0.0,0.0,0.0,0.0,ม.ค. 2025
S1-RCS-0178,HUB03S-51,100.0,0.0,0.0,0.0,0.0,0.0,0.0,ม.ค. 2025
S1-RCS-0179,SSA10S-08,100.0,0.0,0.0,0.0,0.0,0.0,0.0,ม.ค. 2025
S1-RCS-0180,HUB08S-12,100.0,0.0,0.0,0.0,0.0,0.0,0.0,ม.ค. 2025
S1-RCS-0181,SSA03S-04,100.0,0.0,0.0,0.0,0.0,0.0,0.0,ม.ค. 2025
S1-RCS-0182,HUB08S-10,100.0,0.0,0.0,0.0,0.0,0.0,0.0,ม.ค. 2025
S1-RCS-0183,DNA09S-07,100.0,0.0,0.0,0.0,0.0,0.0,0.0,ม.ค. 2025
S1-RCS-0184,HUC04S-06,100.0,0.0,0.0,0.0,0.0,0.0,0.0,ม.ค. 2025
S1-RCS-0185,PTR08S-12,100.0,0.0,0.0,0.0,0.0,0.0,0.0,ม.ค. 2025
S1-RCS-0186,PTS01S-10,100.0,0.0,0.0,0.0,0.0,0.0,0.0,ม.ค. 2025
S1-RCS-0187,PTH08S-04,100.0,0.0,0.0,0.0,0.0,0.0,0.0,ม.ค. 2025
S1-RCS-0188,KHZ03S-10,100.0,0.0,0.0,0.0,0.0,0.0,0.0,ม.ค. 2025
S1-RCS-0189,CPA10S-28,100.0,0.0,0.0,0.0,0.0,0.0,0.0,ม.ค. 2025
S1-RCS-0190,PNA08S-11,100.0,0.0,0.0,0.0,0.0,0.0,0.0,ม.ค. 2025
S1-RCS-0191,CPA04S-19,100.0,0.0,0.0,0.0,0.0,0.0,0.0,ม.ค. 2025
S1-RCS-0192,LSA07S-09,100.0,0.0,0.0,0.0,0.0,0.0,0.0,ม.ค. 2025
S1-RCS-0193,RBB03S-10,100.0,0.0,0.0,0.0,0.0,0.0,0.0,ม.ค. 2025
S1-RCS-0194,PBA08S-08,100.0,0.0,0.0,0.0,0.0,0.0,0.0,ม.ค. 2025
S1-RCS-0195,CAB05S-10,100.0,0.0,0.0,0.0,0.0,0.0,0.0,ม.ค. 2025
S1-RCS-0196,PNA08S-14,100.0,0.0,0.0,0.0,0.0,0.0,0.0,ม.ค. 2025
S1-RCS-0197,PNA10S-06,100.0,0.0,0.0,0.0,0.0,0.0,0.0,ม.ค. 2025
S1-RCS-0198,PNA02S-13,100.0,0.0,0.0,0.0,0.0,0.0,0.0,ม.ค. 2025
S1-RCS-0199,PDA03S-09,100.0,0.0,0.0,0.0,0.0,0.0,0.0,ม.ค. 2025
S1-RCS-0200,KUA07s-07,100.0,0.0,0.0,0.0,0.0,0.0,0.0,ม.ค. 2025
S1-RCS-0201,CPB09S-10,100.0,0.0,0.0,0.0,0.0,0.0,0.0,ม.ค. 2025
S1-RCS-0202,PNA02S-05,100.0,0.0,0.0,0.0,0.0,0.0,0.0,ม.ค. 2025
S1-RCS-0203,CPA01S-06,100.0,0.0,0.0,0.0,0.0,0.0,0.0,ม.ค. 2025
S1-RCS-0204,BSP05S-17,100.0,0.0,0.0,0.0,0.0,0.0,0.0,ม.ค. 2025
S1-RCS-0205,PTH07S-04,100.0,0.0,0.0,0.0,0.0,0.0,0.0,ม.ค. 2025
S1-RCS-0206,PBA09S-15,100.0,0.0,0.0,0.0,0.0,0.0,0.0,ม.ค. 2025
S1-RCS-0207,CPA09S-14,100.0,0.0,0.0,0.0,0.0,0.0,0.0,ม.ค. 2025
S1-RCS-0208,LSA04S-12,100.0,0.0,0.0,0.0,0.0,0.0,0.0,ม.ค. 2025
S1-RCS-0209,XPA02S-03,100.0,0.0,0.0,0.0,0.0,0.0,0.0,ม.ค. 2025
S1-RCS-0210,CBN05S-08,100.0,0.0,0.0,0.0,0.0,0.0,0.0,ม.ค. 2025
S1-RCS-0211,DNA06S-05,100.0,0.0,0.0,0.0,0.0,0.0,0.0,ม.ค. 2025
S1-RCS-0212,DNA06S-04,100.0,0.0,0.0,0.0,0.0,0.0,0.0,ม.ค. 2025
S1-RCS-0213,PBB04S-09,100.0,0.0,0.0,0.0,0.0,0.0,0.0,ม.ค. 2025
S1-RCS-0214,PBA09S-12,100.0,0.0,0.0,0.0,0.0,0.0,0.0,ม.ค. 2025
S1-RCS-0215,PBA10S-14,100.0,0.0,0.0,0.0,0.0,0.0,0.0,ม.ค. 2025
S1-RCS-0216,PTH02S-08,100.0,0.0,0.0,0.0,0.0,0.0,0.0,ม.ค. 2025
S1-RCS-0217,PTR05S-07,100.0,0.0,0.0,0.0,0.0,0.0,0.0,ม.ค. 2025
S1-RCS-0218,SSA03S-16,100.0,0.0,0.0,0.0,0.0,0.0,0.0,ม.ค. 2025
S1-RCS-0219,PBB03S-05,100.0,0.0,0.0,0.0,0.0,0.0,0.0,ม.ค. 2025
S1-RCS-0220,RBA03S-12,100.0,0.0,0.0,0.0,0.0,0.0,0.0,ม.ค. 2025
S1-RCS-0221,KUA10S-04,100.0,0.0,0.0,0.0,0.0,0.0,0.0,ม.ค. 2025
S1-RCS-0222,KHY08S-09,100.0,0.0,0.0,0.0,0.0,0.0,0.0,ม.ค. 2025
S1-RCS-0223,KHY04S-12,100.0,0.0,0.0,0.0,0.0,0.0,0.0,ม.ค. 2025
S1-RCS-0224,KHY09S-05,100.0,0.0,0.0,0.0,0.0,0.0,0.0,ม.ค. 2025
S1-RCS-0225,RBB07S-10,100.0,0.0,0.0,0.0,0.0,0.0,0.0,ม.ค. 2025
S1-RCS-0226,RBA03S-11,100.0,0.0,0.0,0.0,0.0,0.0,0.0,ม.ค. 2025
S1-RCS-0227,RBC05S-14,100.0,0.0,0.0,0.0,0.0,0.0,0.0,ม.ค. 2025
S1-RCS-0228,SSA05S-04,100.0,0.0,0.0,0.0,0.0,0.0,0.0,ม.ค. 2025
S1-RCS-0229,RBC04S-04,100.0,0.0,0.0,0.0,0.0,0.0,0.0,ม.ค. 2025
S1-RCS-0230,RBB09S-12,100.0,0.0,0.0,0.0,0.0,0.0,0.0,ม.ค. 2025
S1-RCS-0231,BSP10S-09,100.0,0.0,0.0,0.0,0.0,0.0,0.0,ม.ค. 2025
S1-RCS-0232,BSR10S-06,100.0,0.0,0.0,0.0,0.0,0.0,0.0,ม.ค. 2025
S1-RCS-0233,SSA10S-06,100.0,0.0,0.0,0.0,0.0,0.0,0.0,ม.ค. 2025
S1-RCS-0234,PNA10S-13,100.0,0.0,0.0,0.0,0.0,0.0,0.0,ม.ค. 2025
S1-RCS-0235,PNA09S-06,100.0,0.0,0.0,0.0,0.0,0.0,0.0,ม.ค. 2025
S1-RCS-0236,PTH10S-07,100.0,0.0,0.0,0.0,0.0,0.0,0.0,ม.ค. 2025
S1-RCS-0237,PTH08S-08,100.0,0.0,0.0,0.0,0.0,0.0,0.0,ม.ค. 2025
S1-RCS-0238,PTH05S-07,100.0,0.0,0.0,0.0,0.0,0.0,0.0,ม.ค. 2025
S1-RCS-0239,DNA05S-15,100.0,0.0,0.0,0.0,0.0,0.0,0.0,ม.ค. 2025
S1-RCS-0240,DNA04S-06,100.0,0.0,0.0,0.0,0.0,0.0,0.0,ม.ค. 2025
S1-RCS-0241,DNA10S-04,100.0,0.0,0.0,0.0,0.0,0.0,0.0,ม.ค. 2025
S1-RCS-0242,KHZ01S-24,100.0,0.0,0.0,0.0,0.0,0.0,0.0,ม.ค. 2025
S1-RCS-0243,PTH01S-16,100.0,0.0,0.0,0.0,0.0,0.0,0.0,ม.ค. 2025
S1-RCS-0244,PTH02S-13,100.0,0.0,0.0,0.0,0.0,0.0,0.0,ม.ค. 2025
S1-RCS-0247,HUB09S-03,100.0,0.0,0.0,0.0,0.0,0.0,0.0,ม.ค. 2025
S1-RCS-0248,HUC01S-05,100.0,0.0,0.0,0.0,0.0,0.0,0.0,ม.ค. 2025
S1-RCS-0249,HUC04S-05,100.0,0.0,0.0,0.0,0.0,0.0,0.0,ม.ค. 2025
S1-RCS-0250,CAB09S-12,100.0,0.0,0.0,0.0,0.0,0.0,0.0,ม.ค. 2025
S1-RCS-0251,CAA09S-07,100.0,0.0,0.0,0.0,0.0,0.0,0.0,ม.ค. 2025
S1-RCS-0252,CAB04S-09,100.0,0.0,0.0,0.0,0.0,0.0,0.0,ม.ค. 2025
S1-RCS-0253,CAB05S-11,100.0,0.0,0.0,0.0,0.0,0.0,0.0,ม.ค. 2025
S1-RCS-0254,PBA04S-25,100.0,0.0,0.0,0.0,0.0,0.0,0.0,ม.ค. 2025
S1-RCS-0255,HUB03S-03,100.0,0.0,0.0,0.0,0.0,0.0,0.0,ม.ค. 2025
S1-RCS-0256,HUB03S-05,100.0,0.0,0.0,0.0,0.0,0.0,0.0,ม.ค. 2025
S1-RCS-0257,HUB03S-07,100.0,0.0,0.0,0.0,0.0,0.0,0.0,ม.ค. 2025
S1-RCS-0258,HUB03S-15,100.0,0.0,0.0,0.0,0.0,0.0,0.0,ม.ค. 2025
S1-RCS-0259,HUB03S-09,100.0,0.0,0.0,0.0,0.0,0.0,0.0,ม.ค. 2025
S1-RCS-0260,HUB03S-17,100.0,0.0,0.0,0.0,0.0,0.0,0.0,ม.ค. 2025
S1-RCS-0261,HUB03S-20,100.0,0.0,0.0,0.0,0.0,0.0,0.0,ม.ค. 2025
S1-RCS-0262,HUB03S-50,100.0,0.0,0.0,0.0,0.0,0.0,0.0,ม.ค. 2025
S1-RCS-0263,HUB04S-04,100.0,0.0,0.0,0.0,0.0,0.0,0.0,ม.ค. 2025
S1-RCS-0264,HUB04S-05,100.0,0.0,0.0,0.0,0.0,0.0,0.0,ม.ค. 2025
S1-RCS-0265,HUB04S-06,100.0,0.0,0.0,0.0,0.0,0.0,0.0,ม.ค. 2025
S1-RCS-0266,HUB05S-13,100.0,0.0,0.0,0.0,0.0,0.0,0.0,ม.ค. 2025
S1-RCS-0267,HUB04S-07,100.0,0.0,0.0,0.0,0.0,0.0,0.0,ม.ค. 2025
S1-RCS-0268,HUB04S-08,100.0,0.0,0.0,0.0,0.0,0.0,0.0,ม.ค. 2025
S1-RCS-0269,HUB04S-12,100.0,0.0,0.0,0.0,0.0,0.0,0.0,ม.ค. 2025
S1-RCS-0270,HUB05S-05,100.0,0.0,0.0,0.0,0.0,0.0,0.0,ม.ค. 2025
S1-RCS-0271,HUB05S-06,100.0,0.0,0.0,0.0,0.0,0.0,0.0,ม.ค. 2025
S1-RCS-0272,HUB05S-10,100.0,0.0,0.0,0.0,0.0,0.0,0.0,ม.ค. 2025
S1-RCS-0273,HUB05S-11,100.0,0.0,0.0,0.0,0.0,0.0,0.0,ม.ค. 2025
S1-RCS-0274,HUB05S-12,100.0,0.0,0.0,0.0,0.0,0.0,0.0,ม.ค. 2025
S1-RCS-0275,HUB08S-05,100.0,0.0,0.0,0.0,0.0,0.0,0.0,ม.ค. 2025
S1-RCS-0276,HUB08S-13,100.0,0.0,0.0,0.0,0.0,0.0,0.0,ม.ค. 2025
S1-RCS-0277,HUB08S-15,100.0,0.0,0.0,0.0,0.0,0.0,0.0,ม.ค. 2025
S1-RCS-0278,HUB08S-16,100.0,0.0,0.0,0.0,0.0,0.0,0.0,ม.ค. 2025
S1-RCS-0279,HUB08S-17,100.0,0.0,0.0,0.0,0.0,0.0,0.0,ม.ค. 2025
S1-RCS-0280,HUC02S-14,100.0,0.0,0.0,0.0,0.0,0.0,0.0,ม.ค. 2025
S1-RCS-0281,HUB09S-05,100.0,0.0,0.0,0.0,0.0,0.0,0.0,ม.ค. 2025
S1-RCS-0282,HUB10S-04,100.0,0.0,0.0,0.0,0.0,0.0,0.0,ม.ค. 2025
S1-RCS-0283,HUB10S-06,100.0,0.0,0.0,0.0,0.0,0.0,0.0,ม.ค. 2025
S1-RCS-0284,HUC05S-14,100.0,0.0,0.0,0.0,0.0,0.0,0.0,ม.ค. 2025
S1-RCS-0285,HUC02S-06,100.0,0.0,0.0,0.0,0.0,0.0,0.0,ม.ค. 2025
S1-RCS-0286,HUC02S-13,100.0,0.0,0.0,0.0,0.0,0.0,0.0,ม.ค. 2025
S1-RCS-0287,HUC02S-17,100.0,0.0,0.0,0.0,0.0,0.0,0.0,ม.ค. 2025
S1-RCS-0288,HUC03S-03,100.0,0.0,0.0,0.0,0.0,0.0,0.0,ม.ค. 2025
S1-RCS-0289,HUC03S-05,100.0,0.0,0.0,0.0,0.0,0.0,0.0,ม.ค. 2025
S1-RCS-0290,HUC03S-13,100.0,0.0,0.0,0.0,0.0,0.0,0.0,ม.ค. 2025
S1-RCS-0291,HUC03S-17,100.0,0.0,0.0,0.0,0.0,0.0,0.0,ม.ค. 2025
S1-RCS-0292,HUB03S-04,100.0,0.0,0.0,0.0,0.0,0.0,0.0,ม.ค. 2025
S1-RCS-0293,HUC03S-19,100.0,0.0,0.0,0.0,0.0,0.0,0.0,ม.ค. 2025
S1-RCS-0294,HUC04S-07,100.0,0.0,0.0,0.0,0.0,0.0,0.0,ม.ค. 2025
S1-RCS-0295,HUC04S-10,100.0,0.0,0.0,0.0,0.0,0.0,0.0,ม.ค. 2025
S1-RCS-0296,HUC04S-11,100.0,0.0,0.0,0.0,0.0,0.0,0.0,ม.ค. 2025
S1-RCS-0297,HUC04S-13,100.0,0.0,0.0,0.0,0.0,0.0,0.0,ม.ค. 2025
S1-RCS-0298,HUC05S-05,100.0,0.0,0.0,0.0,0.0,0.0,0.0,ม.ค. 2025
S1-RCS-0299,HUC05S-06,100.0,0.0,0.0,0.0,0.0,0.0,0.0,ม.ค. 2025
S1-RCS-0300,HUC05S-08,100.0,0.0,0.0,0.0,0.0,0.0,0.0,ม.ค. 2025
S1-RCS-0301,HUC05S-09,100.0,0.0,0.0,0.0,0.0,0.0,0.0,ม.ค. 2025
S1-RCS-0302,CAA08S-08,100.0,0.0,0.0,0.0,0.0,0.0,0.0,ม.ค. 2025
S1-RCS-0303,HUC09S-05,100.0,0.0,0.0,0.0,0.0,0.0,0.0,ม.ค. 2025
S1-RCS-0304,HUC05S-13,100.0,0.0,0.0,0.0,0.0,0.0,0.0,ม.ค. 2025
S1-RCS-0305,HUC09S-06,100.0,0.0,0.0,0.0,0.0,0.0,0.0,ม.ค. 2025
S1-RCS-0306,HUC05S-51,100.0,0.0,0.0,0.0,0.0,0.0,0.0,ม.ค. 2025
S1-RCS-0307,HUB04S-13,100.0,0.0,0.0,0.0,0.0,0.0,0.0,ม.ค. 2025
S1-RCS-0308,HUC05S-15,100.0,0.0,0.0,0.0,0.0,0.0,0.0,ม.ค. 2025
S1-RCS-0309,PNA07S-18,100.0,0.0,0.0,0.0,0.0,0.0,0.0,ม.ค. 2025
S1-RCS-0310,HUB05S-08,100.0,0.0,0.0,0.0,0.0,0.0,0.0,ม.ค. 2025
S1-RCS-0311,CAA04S-13,100.0,0.0,0.0,0.0,0.0,0.0,0.0,ม.ค. 2025
S1-RCS-0316,LSA07S-12,100.0,0.0,0.0,0.0,0.0,0.0,0.0,ม.ค. 2025
S1-RCS-0317,LSA01S-10,100.0,0.0,0.0,0.0,0.0,0.0,0.0,ม.ค. 2025
S1-RCS-0321,LSA02S-17,100.0,0.0,0.0,0.0,0.0,0.0,0.0,ม.ค. 2025
S1-RCS-0322,CPA04S-21,100.0,0.0,0.0,0.0,0.0,0.0,0.0,ม.ค. 2025
S1-RCS-0323,TSE10S-21,100.0,0.0,0.0,0.0,0.0,0.0,0.0,ม.ค. 2025
S1-RCS-0324,TSE06S-05,100.0,0.0,0.0,0.0,0.0,0.0,0.0,ม.ค. 2025
S1-RCS-0325,TSE06S-06,100.0,0.0,0.0,0.0,0.0,0.0,0.0,ม.ค. 2025
S1-RCS-0326,TSE06S-20,100.0,0.0,0.0,0.0,0.0,0.0,0.0,ม.ค. 2025
S1-RCS-0350,PNA10S-09,100.0,0.0,0.0,0.0,0.0,0.0,0.0,ม.ค. 2025
S1-RCS-0358,DNA05S-16,100.0,0.0,0.0,0.0,0.0,0.0,0.0,ม.ค. 2025
S1-RCS-0363,SSA04S-14,100.0,0.0,0.0,0.0,0.0,0.0,0.0,ม.ค. 2025
S1-RCS-0365,LSA07S-26,100.0,0.0,0.0,0.0,0.0,0.0,0.0,ม.ค. 2025
S1-RCS-0366,XPA01S-12,100.0,0.0,0.0,0.0,0.0,0.0,0.0,ม.ค. 2025
S1-RCS-0367,XPA02S-15,100.0,0.0,0.0,0.0,0.0,0.0,0.0,ม.ค. 2025
S1-RCS-0368,XPA02S-13,100.0,0.0,0.0,0.0,0.0,0.0,0.0,ม.ค. 2025
S1-RCS-0370,RNA01S-11,100.0,0.0,0.0,0.0,0.0,0.0,0.0,ม.ค. 2025
S1-RCS-0371,RNA04S-18,100.0,0.0,0.0,0.0,0.0,0.0,0.0,ม.ค. 2025
S1-RCS-0374,RBB08S-17,100.0,0.0,0.0,0.0,0.0,0.0,0.0,ม.ค. 2025
S1-RCS-0375,PBA06S-35,100.0,0.0,0.0,0.0,0.0,0.0,0.0,ม.ค. 2025
S1-RCS-0376,HUU03S-12,100.0,0.0,0.0,0.0,0.0,0.0,0.0,ม.ค. 2025
S1-RCS-0377,TSE05S-04,100.0,0.0,0.0,0.0,0.0,0.0,0.0,ม.ค. 2025
S1-RCS-0378,LSA03S-13,100.0,0.0,0.0,0.0,0.0,0.0,0.0,ม.ค. 2025
S1-RCS-0379,LSA09S-15,100.0,0.0,0.0,0.0,0.0,0.0,0.0,ม.ค. 2025
S1-RCS-0380,LSA10S-22,100.0,0.0,0.0,0.0,0.0,0.0,0.0,ม.ค. 2025
S1-RCS-0381,CPA08S-06,100.0,0.0,0.0,0.0,0.0,0.0,0.0,ม.ค. 2025
S1-RCS-0382,XPA04S-20,100.0,0.0,0.0,0.0,0.0,0.0,0.0,ม.ค. 2025
S1-RCS-0383,XPA01S-13,100.0,0.0,0.0,0.0,0.0,0.0,0.0,ม.ค. 2025
S1-RCS-0384,PTH04S-27,100.0,0.0,0.0,0.0,0.0,0.0,0.0,ม.ค. 2025
S1-RCS-0391,DNA06S-08,100.0,0.0,0.0,0.0,0.0,0.0,0.0,ม.ค. 2025
S1-RCS-0395,PTH06S-03,100.0,0.0,0.0,0.0,0.0,0.0,0.0,ม.ค. 2025
S1-RCS-0396,LSA08S-16,100.0,0.0,0.0,0.0,0.0,0.0,0.0,ม.ค. 2025
S1-RCS-0397,CBN03S-20,100.0,0.0,0.0,0.0,0.0,0.0,0.0,ม.ค. 2025
S1-RCS-0399,PTH01S-31,100.0,0.0,0.0,0.0,0.0,0.0,0.0,ม.ค. 2025
S1-RCS-0401,SSA05S-05,100.0,0.0,0.0,0.0,0.0,0.0,0.0,ม.ค. 2025
S1-RCS-0402,SSA10S-22,100.0,0.0,0.0,0.0,0.0,0.0,0.0,ม.ค. 2025
S1-RCS-0403,PTS07S-18,100.0,0.0,0.0,0.0,0.0,0.0,0.0,ม.ค. 2025
S1-RCS-0404,DNA06S-06,100.0,0.0,0.0,0.0,0.0,0.0,0.0,ม.ค. 2025
S1-RCS-0405,PTS05S-12,100.0,0.0,0.0,0.0,0.0,0.0,0.0,ม.ค. 2025
S1-RCS-0406,RBB07S-13,100.0,0.0,0.0,0.0,0.0,0.0,0.0,ม.ค. 2025
S1-RCS-0407,CBN10S-11,100.0,0.0,0.0,0.0,0.0,0.0,0.0,ม.ค. 2025
S1-RCS-0408,PTH04S-29,100.0,0.0,0.0,0.0,0.0,0.0,0.0,ม.ค. 2025
S1-RCS-0409,CPA10S-26,100.0,0.0,0.0,0.0,0.0,0.0,0.0,ม.ค. 2025
S1-RCS-0412,LSA01S-28,100.0,0.0,0.0,0.0,0.0,0.0,0.0,ม.ค. 2025
S1-RCS-0413,XPA04S-15,100.0,0.0,0.0,0.0,0.0,0.0,0.0,ม.ค. 2025
S1-RCS-0414,BSR02S-13,100.0,0.0,0.0,0.0,0.0,0.0,0.0,ม.ค. 2025
S1-RCS-0415,KDA03S-05,100.0,0.0,0.0,0.0,0.0,0.0,0.0,ม.ค. 2025
S1-RCS-0416,RNB08S-09,100.0,0.0,0.0,0.0,0.0,0.0,0.0,ม.ค. 2025
S1-RCS-0417,LSA02S-16,100.0,0.0,0.0,0.0,0.0,0.0,0.0,ม.ค. 2025
S1-RCS-0418,RNB04S-12,100.0,0.0,0.0,0.0,0.0,0.0,0.0,ม.ค. 2025
S1-RCS-0419,RNA06S-07,100.0,0.0,0.0,0.0,0.0,0.0,0.0,ม.ค. 2025
S1-RCS-0420,RBC03S-06,100.0,0.0,0.0,0.0,0.0,0.0,0.0,ม.ค. 2025
S1-RCS-0421,RBC03S-11,100.0,0.0,0.0,0.0,0.0,0.0,0.0,ม.ค. 2025
S1-RCS-0500,CAA03S-08,100.0,0.0,0.0,0.0,0.0,0.0,0.0,ม.ค. 2025
S1-RCS-0501,CAB06S-04,100.0,0.0,0.0,0.0,0.0,0.0,0.0,ม.ค. 2025
S1-RCS-0502,CAB06S-05,100.0,0.0,0.0,0.0,0.0,0.0,0.0,ม.ค. 2025
S1-RCS-0503,CAA09S-08,100.0,0.0,0.0,0.0,0.0,0.0,0.0,ม.ค. 2025
S1-RCS-0504,CAB09S-50,100.0,0.0,0.0,0.0,0.0,0.0,0.0,ม.ค. 2025
S1-RCS-0505,CAB09S-04,100.0,0.0,0.0,0.0,0.0,0.0,0.0,ม.ค. 2025
S1-RCS-0506,CAB10S-10,100.0,0.0,0.0,0.0,0.0,0.0,0.0,ม.ค. 2025
S1-RCS-0507,CBN03S-10,100.0,0.0,0.0,0.0,0.0,0.0,0.0,ม.ค. 2025
S1-RCS-0508,CBN10S-09,100.0,0.0,0.0,0.0,0.0,0.0,0.0,ม.ค. 2025
S1-RCS-0509,CBN04S-07,100.0,0.0,0.0,0.0,0.0,0.0,0.0,ม.ค. 2025
S1-RCS-0510,CBN04S-08,100.0,0.0,0.0,0.0,0.0,0.0,0.0,ม.ค. 2025
S1-RCS-0511,CBN10S-26,100.0,0.0,0.0,0.0,0.0,0.0,0.0,ม.ค. 2025
S1-RCS-0512,CBN04S-20,100.0,0.0,0.0,0.0,0.0,0.0,0.0,ม.ค. 2025
S1-RCS-0513,CBN03S-15,100.0,0.0,0.0,0.0,0.0,0.0,0.0,ม.ค. 2025
S1-RCS-0514,CBN09S-09,100.0,0.0,0.0,0.0,0.0,0.0,0.0,ม.ค. 2025
S1-RCS-0515,CPB09S-05,100.0,0.0,0.0,0.0,0.0,0.0,0.0,ม.ค. 2025
S1-RCS-0516,CPA01S-25,100.0,0.0,0.0,0.0,0.0,0.0,0.0,ม.ค. 2025
S1-RCS-0517,CAB02S-06,100.0,0.0,0.0,0.0,0.0,0.0,0.0,ม.ค. 2025
S1-RCS-0518,CAB07S-09,100.0,0.0,0.0,0.0,0.0,0.0,0.0,ม.ค. 2025
S1-RCS-0519,KUA04S-07,100.0,0.0,0.0,0.0,0.0,0.0,0.0,ม.ค. 2025
S1-RCS-0520,KUA07S-04,100.0,0.0,0.0,0.0,0.0,0.0,0.0,ม.ค. 2025
S1-RCS-0521,RBB08S-13,100.0,0.0,0.0,0.0,0.0,0.0,0.0,ม.ค. 2025
S1-RCS-0522,KHZ01S-08,100.0,0.0,0.0,0.0,0.0,0.0,0.0,ม.ค. 2025
S1-RCS-0523,KHY10S-04,100.0,0.0,0.0,0.0,0.0,0.0,0.0,ม.ค. 2025
S1-RCS-0524,PBA03S-21,100.0,0.0,0.0,0.0,0.0,0.0,0.0,ม.ค. 2025
S1-RCS-0525,PBA03S-17,100.0,0.0,0.0,0.0,0.0,0.0,0.0,ม.ค. 2025
S1-RCS-0526,PBA04S-19,100.0,0.0,0.0,0.0,0.0,0.0,0.0,ม.ค. 2025
S1-RCS-0527,PBA04S-07,100.0,0.0,0.0,0.0,0.0,0.0,0.0,ม.ค. 2025
S1-RCS-0528,PBA08S-10,100.0,0.0,0.0,0.0,0.0,0.0,0.0,ม.ค. 2025
S1-RCS-0529,PTR07S-14,100.0,0.0,0.0,0.0,0.0,0.0,0.0,ม.ค. 2025
S1-RCS-0530,PTR08S-08,100.0,0.0,0.0,0.0,0.0,0.0,0.0,ม.ค. 2025
S1-RCS-0531,PTR09S-05,100.0,0.0,0.0,0.0,0.0,0.0,0.0,ม.ค. 2025
S1-RCS-0532,PTS05S-09,100.0,0.0,0.0,0.0,0.0,0.0,0.0,ม.ค. 2025
S1-RCS-0533,PTR04S-11,100.0,0.0,0.0,0.0,0.0,0.0,0.0,ม.ค. 2025
S1-RCS-0534,PTR04S-10,100.0,0.0,0.0,0.0,0.0,0.0,0.0,ม.ค. 2025
S1-RCS-0535,PTR07S-06,100.0,0.0,0.0,0.0,0.0,0.0,0.0,ม.ค. 2025
S1-RCS-0536,PTR04S-15,100.0,0.0,0.0,0.0,0.0,0.0,0.0,ม.ค. 2025
S1-RCS-0537,PTR07S-04,100.0,0.0,0.0,0.0,0.0,0.0,0.0,ม.ค. 2025
S1-RCS-0538,PTR01S-07,100.0,0.0,0.0,0.0,0.0,0.0,0.0,ม.ค. 2025
S1-RCS-0539,PTR01S-10,100.0,0.0,0.0,0.0,0.0,0.0,0.0,ม.ค. 2025
S1-RCS-0540,PTR06S-05,100.0,0.0,0.0,0.0,0.0,0.0,0.0,ม.ค. 2025
S1-RCS-0541,PTR02S-10,100.0,0.0,0.0,0.0,0.0,0.0,0.0,ม.ค. 2025
S1-RCS-0542,PTS09S-08,100.0,0.0,0.0,0.0,0.0,0.0,0.0,ม.ค. 2025
S1-RCS-0543,PTS07S-13,100.0,0.0,0.0,0.0,0.0,0.0,0.0,ม.ค. 2025
S1-RCS-0544,PTS09S-20,100.0,0.0,0.0,0.0,0.0,0.0,0.0,ม.ค. 2025
S1-RCS-0545,PTS09S-12,100.0,0.0,0.0,0.0,0.0,0.0,0.0,ม.ค. 2025
S1-RCS-0546,PTS02S-06,100.0,0.0,0.0,0.0,0.0,0.0,0.0,ม.ค. 2025
S1-RCS-0547,PTS01S-06,100.0,0.0,0.0,0.0,0.0,0.0,0.0,ม.ค. 2025
S1-RCS-0548,PTS05S-11,100.0,0.0,0.0,0.0,0.0,0.0,0.0,ม.ค. 2025
S1-RCS-0549,KUA04S-06,100.0,0.0,0.0,0.0,0.0,0.0,0.0,ม.ค. 2025
S1-RCS-0550,KUA05S-12,100.0,0.0,0.0,0.0,0.0,0.0,0.0,ม.ค. 2025
S1-RCS-0551,KUA04S-08,100.0,0.0,0.0,0.0,0.0,0.0,0.0,ม.ค. 2025
S1-RCS-0552,KUA09S-06,100.0,0.0,0.0,0.0,0.0,0.0,0.0,ม.ค. 2025
S1-RCS-0553,CPA04S-10,100.0,0.0,0.0,0.0,0.0,0.0,0.0,ม.ค. 2025
S1-RCS-0554,CPA10S-21,100.0,0.0,0.0,0.0,0.0,0.0,0.0,ม.ค. 2025
S1-RCS-0555,XPA04S-22,100.0,0.0,0.0,0.0,0.0,0.0,0.0,ม.ค. 2025
S1-RCS-0556,BSP04S-15,100.0,0.0,0.0,0.0,0.0,0.0,0.0,ม.ค. 2025
S1-RCS-0557,BSP05S-15,100.0,0.0,0.0,0.0,0.0,0.0,0.0,ม.ค. 2025
S1-RCS-0558,BSP04S-09,100.0,0.0,0.0,0.0,0.0,0.0,0.0,ม.ค. 2025
S1-RCS-0559,BSR06S-06,100.0,0.0,0.0,0.0,0.0,0.0,0.0,ม.ค. 2025
S1-RCS-0560,BSR09S-10,100.0,0.0,0.0,0.0,0.0,0.0,0.0,ม.ค. 2025
S1-RCS-0561,BSR09S-06,100.0,0.0,0.0,0.0,0.0,0.0,0.0,ม.ค. 2025
S1-RCS-0562,BSP07S-10,100.0,0.0,0.0,0.0,0.0,0.0,0.0,ม.ค. 2025
S1-RCS-0563,BSP05S-11,100.0,0.0,0.0,0.0,0.0,0.0,0.0,ม.ค. 2025
S1-RCS-0564,BSP10S-06,100.0,0.0,0.0,0.0,0.0,0.0,0.0,ม.ค. 2025
S1-RCS-0565,BSP05S-08,100.0,0.0,0.0,0.0,0.0,0.0,0.0,ม.ค. 2025
S1-RCS-0566,BSP10S-14,100.0,0.0,0.0,0.0,0.0,0.0,0.0,ม.ค. 2025
S1-RCS-0567,BSR09S-14,100.0,0.0,0.0,0.0,0.0,0.0,0.0,ม.ค. 2025
S1-RCS-0568,BSR02S-10,100.0,0.0,0.0,0.0,0.0,0.0,0.0,ม.ค. 2025
S1-RCS-0569,BSR07S-18,100.0,0.0,0.0,0.0,0.0,0.0,0.0,ม.ค. 2025
S1-RCS-0570,BSR07S-20,100.0,0.0,0.0,0.0,0.0,0.0,0.0,ม.ค. 2025
S1-RCS-0571,BSR02S-21,100.0,0.0,0.0,0.0,0.0,0.0,0.0,ม.ค. 2025
S1-RCS-0572,BSR07S-11,100.0,0.0,0.0,0.0,0.0,0.0,0.0,ม.ค. 2025
S1-RCS-0573,CAB02S-04,100.0,0.0,0.0,0.0,0.0,0.0,0.0,ม.ค. 2025
S1-RCS-0574,CAA09S-10,100.0,0.0,0.0,0.0,0.0,0.0,0.0,ม.ค. 2025
S1-RCS-0575,CAA05S-07,100.0,0.0,0.0,0.0,0.0,0.0,0.0,ม.ค. 2025
S1-RCS-0576,CAB10S-22,100.0,0.0,0.0,0.0,0.0,0.0,0.0,ม.ค. 2025
S1-RCS-0577,CAB05S-16,100.0,0.0,0.0,0.0,0.0,0.0,0.0,ม.ค. 2025
S1-RCS-0578,CAC08S-04,100.0,0.0,0.0,0.0,0.0,0.0,0.0,ม.ค. 2025
S1-RCS-0579,CAC01S-04,100.0,0.0,0.0,0.0,0.0,0.0,0.0,ม.ค. 2025
S1-RCS-0580,CAB07S-04,100.0,0.0,0.0,0.0,0.0,0.0,0.0,ม.ค. 2025
S1-RCS-0581,CBN03S-08,100.0,0.0,0.0,0.0,0.0,0.0,0.0,ม.ค. 2025
S1-RCS-0582,CBN04S-17,100.0,0.0,0.0,0.0,0.0,0.0,0.0,ม.ค. 2025
S1-RCS-0583,CBN02S-04,100.0,0.0,0.0,0.0,0.0,0.0,0.0,ม.ค. 2025
S1-RCS-0584,XPA05S-09,100.0,0.0,0.0,0.0,0.0,0.0,0.0,ม.ค. 2025
S1-RCS-0585,XPA05S-10,100.0,0.0,0.0,0.0,0.0,0.0,0.0,ม.ค. 2025
S1-RCS-0586,XPA02S-08,100.0,0.0,0.0,0.0,0.0,0.0,0.0,ม.ค. 2025
S1-RCS-0587,XPA01S-05,100.0,0.0,0.0,0.0,0.0,0.0,0.0,ม.ค. 2025
S1-RCS-0588,XPA01S-03,100.0,0.0,0.0,0.0,0.0,0.0,0.0,ม.ค. 2025
S1-RCS-0589,TSE10S-08,100.0,0.0,0.0,0.0,0.0,0.0,0.0,ม.ค. 2025
S1-RCS-0590,TSE10S-06,100.0,0.0,0.0,0.0,0.0,0.0,0.0,ม.ค. 2025
S1-RCS-0591,TSE01S-07,100.0,0.0,0.0,0.0,0.0,0.0,0.0,ม.ค. 2025
S1-RCS-0592,CPB08S-09,100.0,0.0,0.0,0.0,0.0,0.0,0.0,ม.ค. 2025
S1-RCS-0593,CPB06S-04,100.0,0.0,0.0,0.0,0.0,0.0,0.0,ม.ค. 2025
S1-RCS-0594,CPB08S-05,100.0,0.0,0.0,0.0,0.0,0.0,0.0,ม.ค. 2025
S1-RCS-0595,CPB07S-18,100.0,0.0,0.0,0.0,0.0,0.0,0.0,ม.ค. 2025
S1-RCS-0596,CPB08S-15,100.0,0.0,0.0,0.0,0.0,0.0,0.0,ม.ค. 2025
S1-RCS-0597,TSE05S-17,100.0,0.0,0.0,0.0,0.0,0.0,0.0,ม.ค. 2025
S1-RCS-0598,CPA06S-38,100.0,0.0,0.0,0.0,0.0,0.0,0.0,ม.ค. 2025
S1-RCS-0599,CPA07S-13,100.0,0.0,0.0,0.0,0.0,0.0,0.0,ม.ค. 2025
S1-RCS-0600,CPA07S-09,100.0,0.0,0.0,0.0,0.0,0.0,0.0,ม.ค. 2025
S1-RCS-0601,CPB10S-27,100.0,0.0,0.0,0.0,0.0,0.0,0.0,ม.ค. 2025
S1-RCS-0602,CPA01S-34,100.0,0.0,0.0,0.0,0.0,0.0,0.0,ม.ค. 2025
S1-RCS-0603,CPA06S-34,100.0,0.0,0.0,0.0,0.0,0.0,0.0,ม.ค. 2025
S1-RCS-0604,CPA01S-28,100.0,0.0,0.0,0.0,0.0,0.0,0.0,ม.ค. 2025
S1-RCS-0605,CPA03S-04,100.0,0.0,0.0,0.0,0.0,0.0,0.0,ม.ค. 2025
S1-RCS-0606,CPB09S-08,100.0,0.0,0.0,0.0,0.0,0.0,0.0,ม.ค. 2025
S1-RCS-0607,CPA03S-06,100.0,0.0,0.0,0.0,0.0,0.0,0.0,ม.ค. 2025
S1-RCS-0608,CPA06S-10,100.0,0.0,0.0,0.0,0.0,0.0,0.0,ม.ค. 2025
S1-RCS-0609,CPB08S-10,100.0,0.0,0.0,0.0,0.0,0.0,0.0,ม.ค. 2025
S1-RCS-0610,DNA01S-13,100.0,0.0,0.0,0.0,0.0,0.0,0.0,ม.ค. 2025
S1-RCS-0611,DNA10S-15,100.0,0.0,0.0,0.0,0.0,0.0,0.0,ม.ค. 2025
S1-RCS-0612,DNA07S-04,100.0,0.0,0.0,0.0,0.0,0.0,0.0,ม.ค. 2025
S1-RCS-0613,DNA10S-14,100.0,0.0,0.0,0.0,0.0,0.0,0.0,ม.ค. 2025
S1-RCS-0614,DNA10S-05,100.0,0.0,0.0,0.0,0.0,0.0,0.0,ม.ค. 2025
S1-RCS-0615,DNA04S-04,100.0,0.0,0.0,0.0,0.0,0.0,0.0,ม.ค. 2025
S1-RCS-0616,DNA09S-03,100.0,0.0,0.0,0.0,0.0,0.0,0.0,ม.ค. 2025
S1-RCS-0617,DNA05S-04,100.0,0.0,0.0,0.0,0.0,0.0,0.0,ม.ค. 2025
S1-RCS-0618,DNA09S-04,100.0,0.0,0.0,0.0,0.0,0.0,0.0,ม.ค. 2025
S1-RCS-0619,DNA08S-03,100.0,0.0,0.0,0.0,0.0,0.0,0.0,ม.ค. 2025
S1-RCS-0620,DNA08S-05,100.0,0.0,0.0,0.0,0.0,0.0,0.0,ม.ค. 2025
S1-RCS-0621,CAB01S-10,100.0,0.0,0.0,0.0,0.0,0.0,0.0,ม.ค. 2025
S1-RCS-0622,CAB07S-11,100.0,0.0,0.0,0.0,0.0,0.0,0.0,ม.ค. 2025
S1-RCS-0623,HUB01S-19,100.0,0.0,0.0,0.0,0.0,0.0,0.0,ม.ค. 2025
S1-RCS-0624,HUB01S-04,100.0,0.0,0.0,0.0,0.0,0.0,0.0,ม.ค. 2025
S1-RCS-0625,HUU01S-03,100.0,0.0,0.0,0.0,0.0,0.0,0.0,ม.ค. 2025
S1-RCS-0626,HUB07S-07,100.0,0.0,0.0,0.0,0.0,0.0,0.0,ม.ค. 2025
S1-RCS-0627,HUB07S-04,100.0,0.0,0.0,0.0,0.0,0.0,0.0,ม.ค. 2025
S1-RCS-0628,HUB04S-03,100.0,0.0,0.0,0.0,0.0,0.0,0.0,ม.ค. 2025
S1-RCS-0629,HUB02S-08,100.0,0.0,0.0,0.0,0.0,0.0,0.0,ม.ค. 2025
S1-RCS-0630,HUB06S-10,100.0,0.0,0.0,0.0,0.0,0.0,0.0,ม.ค. 2025
S1-RCS-0631,PNA05S-16,100.0,0.0,0.0,0.0,0.0,0.0,0.0,ม.ค. 2025
S1-RCS-0632,BSP04S-21,100.0,0.0,0.0,0.0,0.0,0.0,0.0,ม.ค. 2025
S1-RCS-0633,BSR01S-12,100.0,0.0,0.0,0.0,0.0,0.0,0.0,ม.ค. 2025
S1-RCS-0634,BSR02S-24,100.0,0.0,0.0,0.0,0.0,0.0,0.0,ม.ค. 2025
S1-RCS-0635,KUA08S-04,100.0,0.0,0.0,0.0,0.0,0.0,0.0,ม.ค. 2025
S1-RCS-0636,KUA10S-05,100.0,0.0,0.0,0.0,0.0,0.0,0.0,ม.ค. 2025
S1-RCS-0637,KUA09S-04,100.0,0.0,0.0,0.0,0.0,0.0,0.0,ม.ค. 2025
S1-RCS-0638,KUA04S-04,100.0,0.0,0.0,0.0,0.0,0.0,0.0,ม.ค. 2025
S1-RCS-0639,KUA02S-07,100.0,0.0,0.0,0.0,0.0,0.0,0.0,ม.ค. 2025
S1-RCS-0640,LSA10S-15,100.0,0.0,0.0,0.0,0.0,0.0,0.0,ม.ค. 2025
S1-RCS-0641,LSA09S-20,100.0,0.0,0.0,0.0,0.0,0.0,0.0,ม.ค. 2025
S1-RCS-0642,LSA04S-11,100.0,0.0,0.0,0.0,0.0,0.0,0.0,ม.ค. 2025
S1-RCS-0643,LSA04S-07,100.0,0.0,0.0,0.0,0.0,0.0,0.0,ม.ค. 2025
S1-RCS-0644,LSA04S-13,100.0,0.0,0.0,0.0,0.0,0.0,0.0,ม.ค. 2025
S1-RCS-0645,LSA07S-17,100.0,0.0,0.0,0.0,0.0,0.0,0.0,ม.ค. 2025
S1-RCS-0646,LSA07S-11,100.0,0.0,0.0,0.0,0.0,0.0,0.0,ม.ค. 2025
S1-RCS-0647,LSA08S-03,100.0,0.0,0.0,0.0,0.0,0.0,0.0,ม.ค. 2025
S1-RCS-0648,LSA02S-06,100.0,0.0,0.0,0.0,0.0,0.0,0.0,ม.ค. 2025
S1-RCS-0649,LSA01S-09,100.0,0.0,0.0,0.0,0.0,0.0,0.0,ม.ค. 2025
S1-RCS-0650,LSA08S-04,100.0,0.0,0.0,0.0,0.0,0.0,0.0,ม.ค. 2025
S1-RCS-0651,LSA01S-07,100.0,0.0,0.0,0.0,0.0,0.0,0.0,ม.ค. 2025
S1-RCS-0652,LSA02S-04,100.0,0.0,0.0,0.0,0.0,0.0,0.0,ม.ค. 2025
S1-RCS-0653,LSA06S-04,100.0,0.0,0.0,0.0,0.0,0.0,0.0,ม.ค. 2025
S1-RCS-0654,LSA06S-11,100.0,0.0,0.0,0.0,0.0,0.0,0.0,ม.ค. 2025
S1-RCS-0655,LSA03S-04,100.0,0.0,0.0,0.0,0.0,0.0,0.0,ม.ค. 2025
S1-RCS-0656,LSA10S-08,100.0,0.0,0.0,0.0,0.0,0.0,0.0,ม.ค. 2025
S1-RCS-0657,LSA04S-10,100.0,0.0,0.0,0.0,0.0,0.0,0.0,ม.ค. 2025
S1-RCS-0658,LSA10S-09,100.0,0.0,0.0,0.0,0.0,0.0,0.0,ม.ค. 2025
S1-RCS-0659,PNA07S-14,100.0,0.0,0.0,0.0,0.0,0.0,0.0,ม.ค. 2025
S1-RCS-0660,PTH04S-34,100.0,0.0,0.0,0.0,0.0,0.0,0.0,ม.ค. 2025
S1-RCS-0661,CBN08S-08,100.0,0.0,0.0,0.0,0.0,0.0,0.0,ม.ค. 2025
S1-RCS-0662,DNA05S-20,100.0,0.0,0.0,0.0,0.0,0.0,0.0,ม.ค. 2025
S1-RCS-0663,DNA05S-14,100.0,0.0,0.0,0.0,0.0,0.0,0.0,ม.ค. 2025
S1-RCS-0664,DNA09S-16,100.0,0.0,0.0,0.0,0.0,0.0,0.0,ม.ค. 2025
S1-RCS-0665,RBB09S-08,100.0,0.0,0.0,0.0,0.0,0.0,0.0,ม.ค. 2025
S1-RCS-0666,PTH04S-31,100.0,0.0,0.0,0.0,0.0,0.0,0.0,ม.ค. 2025
S1-RCS-0667,DNA05S-10,100.0,0.0,0.0,0.0,0.0,0.0,0.0,ม.ค. 2025
S1-RCS-0668,PTH06S-07,100.0,0.0,0.0,0.0,0.0,0.0,0.0,ม.ค. 2025
S1-RCS-0669,RBB08S-14,100.0,0.0,0.0,0.0,0.0,0.0,0.0,ม.ค. 2025
S1-RCS-0670,KHZ03S-20,100.0,0.0,0.0,0.0,0.0,0.0,0.0,ม.ค. 2025
S1-RCS-0671,DNA04S-09,100.0,0.0,0.0,0.0,0.0,0.0,0.0,ม.ค. 2025
S1-RCS-0672,DNA04S-15,100.0,0.0,0.0,0.0,0.0,0.0,0.0,ม.ค. 2025
S1-RCS-0673,RBB08S-15,100.0,0.0,0.0,0.0,0.0,0.0,0.0,ม.ค. 2025
S1-RCS-0674,PTH06S-14,100.0,0.0,0.0,0.0,0.0,0.0,0.0,ม.ค. 2025
S1-RCS-0675,SSA03S-19,100.0,0.0,0.0,0.0,0.0,0.0,0.0,ม.ค. 2025
S1-RCS-0676,SSA03S-17,100.0,0.0,0.0,0.0,0.0,0.0,0.0,ม.ค. 2025
S1-RCS-0677,SSA03S-15,100.0,0.0,0.0,0.0,0.0,0.0,0.0,ม.ค. 2025
S1-RCS-0678,PTH03S-19,100.0,0.0,0.0,0.0,0.0,0.0,0.0,ม.ค. 2025
S1-RCS-0679,PTH03S-06,100.0,0.0,0.0,0.0,0.0,0.0,0.0,ม.ค. 2025
S1-RCS-0680,PTH05S-05,100.0,0.0,0.0,0.0,0.0,0.0,0.0,ม.ค. 2025
S1-RCS-0681,PTH01S-17,100.0,0.0,0.0,0.0,0.0,0.0,0.0,ม.ค. 2025
S1-RCS-0682,PTH04S-33,100.0,0.0,0.0,0.0,0.0,0.0,0.0,ม.ค. 2025
S1-RCS-0683,KHY06S-12,100.0,0.0,0.0,0.0,0.0,0.0,0.0,ม.ค. 2025
S1-RCS-0684,KHY02S-08,100.0,0.0,0.0,0.0,0.0,0.0,0.0,ม.ค. 2025
S1-RCS-0685,KHY01S-17,100.0,0.0,0.0,0.0,0.0,0.0,0.0,ม.ค. 2025
S1-RCS-0686,PBA07S-30,100.0,0.0,0.0,0.0,0.0,0.0,0.0,ม.ค. 2025
S1-RCS-0687,PBA07S-28,100.0,0.0,0.0,0.0,0.0,0.0,0.0,ม.ค. 2025
S1-RCS-0688,PBA05S-15,100.0,0.0,0.0,0.0,0.0,0.0,0.0,ม.ค. 2025
S1-RCS-0689,KHY06S-13,100.0,0.0,0.0,0.0,0.0,0.0,0.0,ม.ค. 2025
S1-RCS-0690,PBB05S-08,100.0,0.0,0.0,0.0,0.0,0.0,0.0,ม.ค. 2025
S1-RCS-0691,PBA06S-12,100.0,0.0,0.0,0.0,0.0,0.0,0.0,ม.ค. 2025
S1-RCS-0692,PBA10S-13,100.0,0.0,0.0,0.0,0.0,0.0,0.0,ม.ค. 2025
S1-RCS-0693,PBA01S-16,100.0,0.0,0.0,0.0,0.0,0.0,0.0,ม.ค. 2025
S1-RCS-0694,PBB01S-12,100.0,0.0,0.0,0.0,0.0,0.0,0.0,ม.ค. 2025
S1-RCS-0695,PBA04S-13,100.0,0.0,0.0,0.0,0.0,0.0,0.0,ม.ค. 2025
S1-RCS-0696,PBA02S-12,100.0,0.0,0.0,0.0,0.0,0.0,0.0,ม.ค. 2025
S1-RCS-0697,PBA08S-12,100.0,0.0,0.0,0.0,0.0,0.0,0.0,ม.ค. 2025
S1-RCS-0698,PBA06S-14,100.0,0.0,0.0,0.0,0.0,0.0,0.0,ม.ค. 2025
S1-RCS-0699,DNA02S-14,100.0,0.0,0.0,0.0,0.0,0.0,0.0,ม.ค. 2025
S1-RCS-0700,PTR09S-04,100.0,0.0,0.0,0.0,0.0,0.0,0.0,ม.ค. 2025
S1-RCS-0701,DNA06S-07,100.0,0.0,0.0,0.0,0.0,0.0,0.0,ม.ค. 2025
S1-RCS-0702,DNA01S-18,100.0,0.0,0.0,0.0,0.0,0.0,0.0,ม.ค. 2025
S1-RCS-0703,DNA02S-15,100.0,0.0,0.0,0.0,0.0,0.0,0.0,ม.ค. 2025
S1-RCS-0704,PTR02S-13,100.0,0.0,0.0,0.0,0.0,0.0,0.0,ม.ค. 2025
S1-RCS-0705,CBN01S-11,100.0,0.0,0.0,0.0,0.0,0.0,0.0,ม.ค. 2025
S1-RCS-0706,PDA04S-05,100.0,0.0,0.0,0.0,0.0,0.0,0.0,ม.ค. 2025
S1-RCS-0707,PDA03S-04,100.0,0.0,0.0,0.0,0.0,0.0,0.0,ม.ค. 2025
S1-RCS-0708,PDA09S-09,100.0,0.0,0.0,0.0,0.0,0.0,0.0,ม.ค. 2025
S1-RCS-0709,PDA03S-12,100.0,0.0,0.0,0.0,0.0,0.0,0.0,ม.ค. 2025
S1-RCS-0710,PDA08S-09,100.0,0.0,0.0,0.0,0.0,0.0,0.0,ม.ค. 2025
S1-RCS-0711,PDA05S-06,100.0,0.0,0.0,0.0,0.0,0.0,0.0,ม.ค. 2025
S1-RCS-0712,PDA07S-12,100.0,0.0,0.0,0.0,0.0,0.0,0.0,ม.ค. 2025
S1-RCS-0713,PDA04S-12,100.0,0.0,0.0,0.0,0.0,0.0,0.0,ม.ค. 2025
S1-RCS-0714,PNA03S-15,100.0,0.0,0.0,0.0,0.0,0.0,0.0,ม.ค. 2025
S1-RCS-0715,PNA07S-15,100.0,0.0,0.0,0.0,0.0,0.0,0.0,ม.ค. 2025
S1-RCS-0716,PNA07S-05,100.0,0.0,0.0,0.0,0.0,0.0,0.0,ม.ค. 2025
S1-RCS-0717,PNA08S-21,100.0,0.0,0.0,0.0,0.0,0.0,0.0,ม.ค. 2025
S1-RCS-0718,PNA08S-06,100.0,0.0,0.0,0.0,0.0,0.0,0.0,ม.ค. 2025
S1-RCS-0719,PNA07S-08,100.0,0.0,0.0,0.0,0.0,0.0,0.0,ม.ค. 2025
S1-RCS-0720,PNA05S-05,100.0,0.0,0.0,0.0,0.0,0.0,0.0,ม.ค. 2025
S1-RCS-0721,RNA03S-07,100.0,0.0,0.0,0.0,0.0,0.0,0.0,ม.ค. 2025
S1-RCS-0722,RNA01S-06,100.0,0.0,0.0,0.0,0.0,0.0,0.0,ม.ค. 2025
S1-RCS-0723,RNA04S-16,100.0,0.0,0.0,0.0,0.0,0.0,0.0,ม.ค. 2025
S1-RCS-0724,RNA03S-08,100.0,0.0,0.0,0.0,0.0,0.0,0.0,ม.ค. 2025
S1-RCS-0725,RNB05S-05,100.0,0.0,0.0,0.0,0.0,0.0,0.0,ม.ค. 2025
S1-RCS-0726,RNB05S-04,100.0,0.0,0.0,0.0,0.0,0.0,0.0,ม.ค. 2025
S1-RCS-0727,RNB01S-06,100.0,0.0,0.0,0.0,0.0,0.0,0.0,ม.ค. 2025
S1-RCS-0728,RNB10S-08,100.0,0.0,0.0,0.0,0.0,0.0,0.0,ม.ค. 2025
S1-RCS-0729,RNB05S-21,100.0,0.0,0.0,0.0,0.0,0.0,0.0,ม.ค. 2025
S1-RCS-0730,RNB08S-05,100.0,0.0,0.0,0.0,0.0,0.0,0.0,ม.ค. 2025
S1-RCS-0731,RNB06S-08,100.0,0.0,0.0,0.0,0.0,0.0,0.0,ม.ค. 2025
S1-RCS-0732,RNB01S-08,100.0,0.0,0.0,0.0,0.0,0.0,0.0,ม.ค. 2025
S1-RCS-0733,RNB06S-06,100.0,0.0,0.0,0.0,0.0,0.0,0.0,ม.ค. 2025
S1-RCS-0734,RNB02S-09,100.0,0.0,0.0,0.0,0.0,0.0,0.0,ม.ค. 2025
S1-RCS-0735,RNB06S-14,100.0,0.0,0.0,0.0,0.0,0.0,0.0,ม.ค. 2025
S1-RCS-0736,RNB06S-10,100.0,0.0,0.0,0.0,0.0,0.0,0.0,ม.ค. 2025
S1-RCS-0737,RNB06S-17,100.0,0.0,0.0,0.0,0.0,0.0,0.0,ม.ค. 2025
S1-RCS-0738,RNB01S-12,100.0,0.0,0.0,0.0,0.0,0.0,0.0,ม.ค. 2025
S1-RCS-0739,RNB03S-15,100.0,0.0,0.0,0.0,0.0,0.0,0.0,ม.ค. 2025
S1-RCS-0740,RNB03S-19,100.0,0.0,0.0,0.0,0.0,0.0,0.0,ม.ค. 2025
S1-RCS-0741,RNB07S-22,100.0,0.0,0.0,0.0,0.0,0.0,0.0,ม.ค. 2025
S1-RCS-0742,RNA06S-09,100.0,0.0,0.0,0.0,0.0,0.0,0.0,ม.ค. 2025
S1-RCS-0743,RBC04S-13,100.0,0.0,0.0,0.0,0.0,0.0,0.0,ม.ค. 2025
S1-RCS-0744,CBN01S-13,100.0,0.0,0.0,0.0,0.0,0.0,0.0,ม.ค. 2025
S1-RCS-0745,RBC02S-14,100.0,0.0,0.0,0.0,0.0,0.0,0.0,ม.ค. 2025
S1-RCS-0746,RBB02S-10,100.0,0.0,0.0,0.0,0.0,0.0,0.0,ม.ค. 2025
S1-RCS-0747,RBB03S-08,100.0,0.0,0.0,0.0,0.0,0.0,0.0,ม.ค. 2025
S1-RCS-0748,RBA01S-06,100.0,0.0,0.0,0.0,0.0,0.0,0.0,ม.ค. 2025
S1-RCS-0749,RBA08S-12,100.0,0.0,0.0,0.0,0.0,0.0,0.0,ม.ค. 2025
S1-RCS-0750,RBA01S-08,100.0,0.0,0.0,0.0,0.0,0.0,0.0,ม.ค. 2025
S1-RCS-0751,RBA09S-09,100.0,0.0,0.0,0.0,0.0,0.0,0.0,ม.ค. 2025
S1-RCS-0752,RBB09S-25,100.0,0.0,0.0,0.0,0.0,0.0,0.0,ม.ค. 2025
S1-RCS-0753,RBB01S-13,100.0,0.0,0.0,0.0,0.0,0.0,0.0,ม.ค. 2025
S1-RCS-0754,RBC05S-10,100.0,0.0,0.0,0.0,0.0,0.0,0.0,ม.ค. 2025
S1-RCS-0755,RBB01S-14,100.0,0.0,0.0,0.0,0.0,0.0,0.0,ม.ค. 2025
S1-RCS-0756,RBC05S-16,100.0,0.0,0.0,0.0,0.0,0.0,0.0,ม.ค. 2025
S1-RCS-0757,RBB05S-09,100.0,0.0,0.0,0.0,0.0,0.0,0.0,ม.ค. 2025
S1-RCS-0758,DNA05S-21,100.0,0.0,0.0,0.0,0.0,0.0,0.0,ม.ค. 2025
S1-RCS-0759,DNA05S-18,100.0,0.0,0.0,0.0,0.0,0.0,0.0,ม.ค. 2025
S1-RCS-0760,RBB05S-08,100.0,0.0,0.0,0.0,0.0,0.0,0.0,ม.ค. 2025
S1-RCS-0761,KUA05S-14,100.0,0.0,0.0,0.0,0.0,0.0,0.0,ม.ค. 2025
S1-RCS-0762,KUA09S-13,100.0,0.0,0.0,0.0,0.0,0.0,0.0,ม.ค. 2025
S1-RCS-0763,SSA04S-04,100.0,0.0,0.0,0.0,0.0,0.0,0.0,ม.ค. 2025
S1-RCS-0764,SSA04S-06,100.0,0.0,0.0,0.0,0.0,0.0,0.0,ม.ค. 2025
S1-RCS-0765,SSA03S-05,100.0,0.0,0.0,0.0,0.0,0.0,0.0,ม.ค. 2025
S1-RCS-0766,SSA04S-15,100.0,0.0,0.0,0.0,0.0,0.0,0.0,ม.ค. 2025
S1-RCS-0767,SSA04S-16,100.0,0.0,0.0,0.0,0.0,0.0,0.0,ม.ค. 2025
S1-RCS-0768,SSA10S-18,100.0,0.0,0.0,0.0,0.0,0.0,0.0,ม.ค. 2025
S1-RCS-0769,CPA09S-23,100.0,0.0,0.0,0.0,0.0,0.0,0.0,ม.ค. 2025
S1-RCS-0770,CPA04S-17,100.0,0.0,0.0,0.0,0.0,0.0,0.0,ม.ค. 2025
S1-RCS-0771,CPA09S-24,100.0,0.0,0.0,0.0,0.0,0.0,0.0,ม.ค. 2025
S1-RCS-0772,CPA10S-30,100.0,0.0,0.0,0.0,0.0,0.0,0.0,ม.ค. 2025
S1-RCS-0773,CPA10S-31,100.0,0.0,0.0,0.0,0.0,0.0,0.0,ม.ค. 2025
S1-RCS-0774,LSA08S-14,100.0,0.0,0.0,0.0,0.0,0.0,0.0,ม.ค. 2025
S1-RCS-0775,LSA08S-20,100.0,0.0,0.0,0.0,0.0,0.0,0.0,ม.ค. 2025
S1-RCS-0776,LSA01S-23,100.0,0.0,0.0,0.0,0.0,0.0,0.0,ม.ค. 2025
S1-RCS-0777,LSA01S-21,100.0,0.0,0.0,0.0,0.0,0.0,0.0,ม.ค. 2025
S1-RCS-0778,LSA07S-22,100.0,0.0,0.0,0.0,0.0,0.0,0.0,ม.ค. 2025
S1-RCS-0779,LSA08S-07,100.0,0.0,0.0,0.0,0.0,0.0,0.0,ม.ค. 2025
S1-RCS-0780,LSA02S-07,100.0,0.0,0.0,0.0,0.0,0.0,0.0,ม.ค. 2025
S1-RCS-0781,TSE02S-07,100.0,0.0,0.0,0.0,0.0,0.0,0.0,ม.ค. 2025
S1-RCS-0782,TSE06S-03,100.0,0.0,0.0,0.0,0.0,0.0,0.0,ม.ค. 2025
S1-RCS-0783,TSE07S-07,100.0,0.0,0.0,0.0,0.0,0.0,0.0,ม.ค. 2025
S1-RCS-0784,TSE04S-05,100.0,0.0,0.0,0.0,0.0,0.0,0.0,ม.ค. 2025
S1-RCS-0785,TSE04S-06,100.0,0.0,0.0,0.0,0.0,0.0,0.0,ม.ค. 2025
S1-RCS-0786,TSE04S-12,100.0,0.0,0.0,0.0,0.0,0.0,0.0,ม.ค. 2025
S1-RCS-0787,TSE09S-03,100.0,0.0,0.0,0.0,0.0,0.0,0.0,ม.ค. 2025
S1-RCS-0788,TSE09S-04,100.0,0.0,0.0,0.0,0.0,0.0,0.0,ม.ค. 2025
S1-RCS-0789,KHY06S-11,100.0,0.0,0.0,0.0,0.0,0.0,0.0,ม.ค. 2025
S1-RCS-0790,PBA06S-20,100.0,0.0,0.0,0.0,0.0,0.0,0.0,ม.ค. 2025
S1-RCS-0791,PBA06S-28,100.0,0.0,0.0,0.0,0.0,0.0,0.0,ม.ค. 2025
S1-RCS-0792,BSP01S-16,100.0,0.0,0.0,0.0,0.0,0.0,0.0,ม.ค. 2025
S1-RCS-0793,BSP01S-18,100.0,0.0,0.0,0.0,0.0,0.0,0.0,ม.ค. 2025
S1-RCS-0794,BSP01S-12,100.0,0.0,0.0,0.0,0.0,0.0,0.0,ม.ค. 2025
S1-RCS-0795,BSP05S-12,100.0,0.0,0.0,0.0,0.0,0.0,0.0,ม.ค. 2025
S1-RCS-0796,QTA05S-06,100.0,0.0,0.0,0.0,0.0,0.0,0.0,ม.ค. 2025
S1-RCS-0797,RNB05S-18,100.0,0.0,0.0,0.0,0.0,0.0,0.0,ม.ค. 2025
S1-RCS-0798,CBN08S-30,100.0,0.0,0.0,0.0,0.0,0.0,0.0,ม.ค. 2025
S1-RCS-0799,CPB10S-28,100.0,0.0,0.0,0.0,0.0,0.0,0.0,ม.ค. 2025
S1-RCS-0800,PTR03S-14,100.0,0.0,0.0,0.0,0.0,0.0,0.0,ม.ค. 2025
S1-RCS-0801,PTR06S-10,100.0,0.0,0.0,0.0,0.0,0.0,0.0,ม.ค. 2025
S1-RCS-0802,PTR05S-15,100.0,0.0,0.0,0.0,0.0,0.0,0.0,ม.ค. 2025
S1-RCS-0803,PTR04S-07,100.0,0.0,0.0,0.0,0.0,0.0,0.0,ม.ค. 2025
S1-RCS-0804,PTR10S-11,100.0,0.0,0.0,0.0,0.0,0.0,0.0,ม.ค. 2025
S1-RCS-0805,PTR02S-17,100.0,0.0,0.0,0.0,0.0,0.0,0.0,ม.ค. 2025
S1-RCS-0806,PTR04S-06,100.0,0.0,0.0,0.0,0.0,0.0,0.0,ม.ค. 2025
S1-RCS-0807,PTS01S-12,100.0,0.0,0.0,0.0,0.0,0.0,0.0,ม.ค. 2025
S1-RCS-0808,RBB03S-16,100.0,0.0,0.0,0.0,0.0,0.0,0.0,ม.ค. 2025
S1-RCS-0809,PTS09S-15,100.0,0.0,0.0,0.0,0.0,0.0,0.0,ม.ค. 2025
S1-RCS-0810,PTS02S-15,100.0,0.0,0.0,0.0,0.0,0.0,0.0,ม.ค. 2025
S1-RCS-0811,PTS01S-09,100.0,0.0,0.0,0.0,0.0,0.0,0.0,ม.ค. 2025
S1-RCS-0812,KHZ02S-04,100.0,0.0,0.0,0.0,0.0,0.0,0.0,ม.ค. 2025
S1-RCS-0813,KHZ07S-03,100.0,0.0,0.0,0.0,0.0,0.0,0.0,ม.ค. 2025
S1-RCS-0814,KHY04S-04,100.0,0.0,0.0,0.0,0.0,0.0,0.0,ม.ค. 2025
S1-RCS-0815,KHY09S-04,100.0,0.0,0.0,0.0,0.0,0.0,0.0,ม.ค. 2025
S1-RCS-0816,KHY06S-06,100.0,0.0,0.0,0.0,0.0,0.0,0.0,ม.ค. 2025
S1-RCS-0817,DNA03S-07,100.0,0.0,0.0,0.0,0.0,0.0,0.0,ม.ค. 2025
S1-RCS-0818,KHY01S-08,100.0,0.0,0.0,0.0,0.0,0.0,0.0,ม.ค. 2025
S1-RCS-0819,RBB08S-10,100.0,0.0,0.0,0.0,0.0,0.0,0.0,ม.ค. 2025
S1-RCS-0820,KHZ09S-13,100.0,0.0,0.0,0.0,0.0,0.0,0.0,ม.ค. 2025
S1-RCS-0821,RBB04S-11,100.0,0.0,0.0,0.0,0.0,0.0,0.0,ม.ค. 2025
S1-RCS-0822,KHZ10S-07,100.0,0.0,0.0,0.0,0.0,0.0,0.0,ม.ค. 2025
S1-RCS-0823,PTH01S-09,100.0,0.0,0.0,0.0,0.0,0.0,0.0,ม.ค. 2025
S1-RCS-0824,PTH04S-05,100.0,0.0,0.0,0.0,0.0,0.0,0.0,ม.ค. 2025
S1-RCS-0825,PTH09S-16,100.0,0.0,0.0,0.0,0.0,0.0,0.0,ม.ค. 2025
S1-RCS-0826,KHZ10S-06,100.0,0.0,0.0,0.0,0.0,0.0,0.0,ม.ค. 2025
S1-RCS-0827,KHZ01S-16,100.0,0.0,0.0,0.0,0.0,0.0,0.0,ม.ค. 2025
S1-RCS-0828,RBA07S-06,100.0,0.0,0.0,0.0,0.0,0.0,0.0,ม.ค. 2025
S1-RCS-0829,RBC04S-15,100.0,0.0,0.0,0.0,0.0,0.0,0.0,ม.ค. 2025
S1-RCS-0830,RBB08S-18,100.0,0.0,0.0,0.0,0.0,0.0,0.0,ม.ค. 2025
S1-RCS-0831,RBB03S-22,100.0,0.0,0.0,0.0,0.0,0.0,0.0,ม.ค. 2025
S1-RCS-0832,RBC04S-05,100.0,0.0,0.0,0.0,0.0,0.0,0.0,ม.ค. 2025
S1-RCS-0833,RBC10S-06,100.0,0.0,0.0,0.0,0.0,0.0,0.0,ม.ค. 2025
S1-RCS-0834,HUB02S-14,100.0,0.0,0.0,0.0,0.0,0.0,0.0,ม.ค. 2025
S1-RCS-0835,RBB03S-07,100.0,0.0,0.0,0.0,0.0,0.0,0.0,ม.ค. 2025
S1-RCS-0836,PTH07S-08,100.0,0.0,0.0,0.0,0.0,0.0,0.0,ม.ค. 2025
S1-RCS-0837,RBC04S-08,100.0,0.0,0.0,0.0,0.0,0.0,0.0,ม.ค. 2025
S1-RCS-0838,RBB04S-22,100.0,0.0,0.0,0.0,0.0,0.0,0.0,ม.ค. 2025
S1-RCS-0839,RBB01S-08,100.0,0.0,0.0,0.0,0.0,0.0,0.0,ม.ค. 2025
S1-RCS-0840,RBB05S-05,100.0,0.0,0.0,0.0,0.0,0.0,0.0,ม.ค. 2025
S1-RCS-0841,RBB06S-08,100.0,0.0,0.0,0.0,0.0,0.0,0.0,ม.ค. 2025
S1-RCS-0842,XPA05S-25,100.0,0.0,0.0,0.0,0.0,0.0,0.0,ม.ค. 2025
S1-RCS-0843,CBN09S-13,100.0,0.0,0.0,0.0,0.0,0.0,0.0,ม.ค. 2025
S1-RCS-0844,CBN10S-23,100.0,0.0,0.0,0.0,0.0,0.0,0.0,ม.ค. 2025
S1-RCS-0845,CBN02S-10,100.0,0.0,0.0,0.0,0.0,0.0,0.0,ม.ค. 2025
S1-RCS-0846,CBN08S-04,100.0,0.0,0.0,0.0,0.0,0.0,0.0,ม.ค. 2025
S1-RCS-0847,CBN08S-03,100.0,0.0,0.0,0.0,0.0,0.0,0.0,ม.ค. 2025
S1-RCS-0848,XPA05S-21,100.0,0.0,0.0,0.0,0.0,0.0,0.0,ม.ค. 2025
S1-RCS-0849,XPA04S-08,100.0,0.0,0.0,0.0,0.0,0.0,0.0,ม.ค. 2025
S1-RCS-0850,DNA08S-11,100.0,0.0,0.0,0.0,0.0,0.0,0.0,ม.ค. 2025
S1-RCS-0851,DNA01S-03,100.0,0.0,0.0,0.0,0.0,0.0,0.0,ม.ค. 2025
S1-RCS-0852,DNA08S-07,100.0,0.0,0.0,0.0,0.0,0.0,0.0,ม.ค. 2025
S1-RCS-0853,SSA07S-07,100.0,0.0,0.0,0.0,0.0,0.0,0.0,ม.ค. 2025
S1-RCS-0854,SSA08S-05,100.0,0.0,0.0,0.0,0.0,0.0,0.0,ม.ค. 2025
S1-RCS-0855,SSA01S-04,100.0,0.0,0.0,0.0,0.0,0.0,0.0,ม.ค. 2025
S1-RCS-0856,SSA10S-04,100.0,0.0,0.0,0.0,0.0,0.0,0.0,ม.ค. 2025
S1-RCS-0857,PBA03S-13,100.0,0.0,0.0,0.0,0.0,0.0,0.0,ม.ค. 2025
S1-RCS-0858,PBA01S-11,100.0,0.0,0.0,0.0,0.0,0.0,0.0,ม.ค. 2025
S1-RCS-0859,KHY01S-04,100.0,0.0,0.0,0.0,0.0,0.0,0.0,ม.ค. 2025
S1-RCS-0860,PBB01S-10,100.0,0.0,0.0,0.0,0.0,0.0,0.0,ม.ค. 2025
S1-RCS-0861,PBA07S-10,100.0,0.0,0.0,0.0,0.0,0.0,0.0,ม.ค. 2025
S1-RCS-0862,PBA04S-08,100.0,0.0,0.0,0.0,0.0,0.0,0.0,ม.ค. 2025
S1-RCS-0863,PBA07S-17,100.0,0.0,0.0,0.0,0.0,0.0,0.0,ม.ค. 2025
S1-RCS-0864,KHY08S-11,100.0,0.0,0.0,0.0,0.0,0.0,0.0,ม.ค. 2025
S1-RCS-0865,KHY02S-04,100.0,0.0,0.0,0.0,0.0,0.0,0.0,ม.ค. 2025
S1-RCS-0866,PBA11S-14,100.0,0.0,0.0,0.0,0.0,0.0,0.0,ม.ค. 2025
S1-RCS-0867,PBB05S-19,100.0,0.0,0.0,0.0,0.0,0.0,0.0,ม.ค. 2025
S1-RCS-0868,PBA05S-17,100.0,0.0,0.0,0.0,0.0,0.0,0.0,ม.ค. 2025
S1-RCS-0869,PBA02S-20,100.0,0.0,0.0,0.0,0.0,0.0,0.0,ม.ค. 2025
S1-RCS-0870,PBB04S-03,100.0,0.0,0.0,0.0,0.0,0.0,0.0,ม.ค. 2025
S1-RCS-0871,PBA11S-28,100.0,0.0,0.0,0.0,0.0,0.0,0.0,ม.ค. 2025
S1-RCS-0872,PBA09S-11,100.0,0.0,0.0,0.0,0.0,0.0,0.0,ม.ค. 2025
S1-RCS-0873,PBA02S-08,100.0,0.0,0.0,0.0,0.0,0.0,0.0,ม.ค. 2025
S1-RCS-0874,PBA06S-11,100.0,0.0,0.0,0.0,0.0,0.0,0.0,ม.ค. 2025
S1-RCS-0875,PBA03S-19,100.0,0.0,0.0,0.0,0.0,0.0,0.0,ม.ค. 2025
S1-RCS-0876,KDA03S-07,100.0,0.0,0.0,0.0,0.0,0.0,0.0,ม.ค. 2025
S1-RCS-0877,KDA01S-10,100.0,0.0,0.0,0.0,0.0,0.0,0.0,ม.ค. 2025
S1-RCS-0878,KDA02S-17,100.0,0.0,0.0,0.0,0.0,0.0,0.0,ม.ค. 2025
S1-RCS-0879,KDA02S-18,100.0,0.0,0.0,0.0,0.0,0.0,0.0,ม.ค. 2025
S1-RCS-0880,KDA02S-14,100.0,0.0,0.0,0.0,0.0,0.0,0.0,ม.ค. 2025
S1-RCS-0881,PBA10S-32,100.0,0.0,0.0,0.0,0.0,0.0,0.0,ม.ค. 2025
S1-RCS-0882,PBA10S-30,100.0,0.0,0.0,0.0,0.0,0.0,0.0,ม.ค. 2025
S1-RCS-0883,HUB01S-18,100.0,0.0,0.0,0.0,0.0,0.0,0.0,ม.ค. 2025
S1-RCS-0884,KDA02S-06,100.0,0.0,0.0,0.0,0.0,0.0,0.0,ม.ค. 2025
S1-RCS-0885,CAB09S-16,100.0,0.0,0.0,0.0,0.0,0.0,0.0,ม.ค. 2025
S1-RCS-0886,CAB05S-17,100.0,0.0,0.0,0.0,0.0,0.0,0.0,ม.ค. 2025
S1-RCS-0887,CAB10S-21,100.0,0.0,0.0,0.0,0.0,0.0,0.0,ม.ค. 2025
S1-RCS-0888,PBA03S-05,100.0,0.0,0.0,0.0,0.0,0.0,0.0,ม.ค. 2025
S1-RCS-0889,CAB03S-15,100.0,0.0,0.0,0.0,0.0,0.0,0.0,ม.ค. 2025
S1-RCS-0890,CAA05S-10,100.0,0.0,0.0,0.0,0.0,0.0,0.0,ม.ค. 2025
S1-RCS-0891,CAB03S-07,100.0,0.0,0.0,0.0,0.0,0.0,0.0,ม.ค. 2025
S1-RCS-0892,CAB09S-05,100.0,0.0,0.0,0.0,0.0,0.0,0.0,ม.ค. 2025
S1-RCS-0893,CAB06S-03,100.0,0.0,0.0,0.0,0.0,0.0,0.0,ม.ค. 2025
S1-RCS-0894,HUC06S-05,100.0,0.0,0.0,0.0,0.0,0.0,0.0,ม.ค. 2025
S1-RCS-0895,HUC05S-50,100.0,0.0,0.0,0.0,0.0,0.0,0.0,ม.ค. 2025
S1-RCS-0896,PNA09S-05,100.0,0.0,0.0,0.0,0.0,0.0,0.0,ม.ค. 2025
S1-RCS-0897,PNA10S-12,100.0,0.0,0.0,0.0,0.0,0.0,0.0,ม.ค. 2025
S1-RCS-0898,PNA07S-04,100.0,0.0,0.0,0.0,0.0,0.0,0.0,ม.ค. 2025
S1-RCS-0899,PNA10S-11,100.0,0.0,0.0,0.0,0.0,0.0,0.0,ม.ค. 2025
S1-RCS-0900,PNA04S-07,100.0,0.0,0.0,0.0,0.0,0.0,0.0,ม.ค. 2025
S1-RCS-0901,PNA03S-03,100.0,0.0,0.0,0.0,0.0,0.0,0.0,ม.ค. 2025
S1-RCS-0902,PNA02S-12,100.0,0.0,0.0,0.0,0.0,0.0,0.0,ม.ค. 2025
S1-RCS-0903,KUA09S-16,100.0,0.0,0.0,0.0,0.0,0.0,0.0,ม.ค. 2025
S1-RCS-0904,PBB01S-16,100.0,0.0,0.0,0.0,0.0,0.0,0.0,ม.ค. 2025
S1-RCS-0905,KUA08S-03,100.0,0.0,0.0,0.0,0.0,0.0,0.0,ม.ค. 2025
S1-RCS-0906,KUA01S-05,100.0,0.0,0.0,0.0,0.0,0.0,0.0,ม.ค. 2025
S1-RCS-0907,KUA10S-09,100.0,0.0,0.0,0.0,0.0,0.0,0.0,ม.ค. 2025
S1-RCS-0908,PDA05S-08,100.0,0.0,0.0,0.0,0.0,0.0,0.0,ม.ค. 2025
S1-RCS-0909,PDA09S-17,100.0,0.0,0.0,0.0,0.0,0.0,0.0,ม.ค. 2025
S1-RCS-0910,PDA05S-22,100.0,0.0,0.0,0.0,0.0,0.0,0.0,ม.ค. 2025
S1-RCS-0911,PBA04S-24,100.0,0.0,0.0,0.0,0.0,0.0,0.0,ม.ค. 2025
S1-RCS-0912,PDA03S-10,100.0,0.0,0.0,0.0,0.0,0.0,0.0,ม.ค. 2025
S1-RCS-0913,PDA05S-11,100.0,0.0,0.0,0.0,0.0,0.0,0.0,ม.ค. 2025
S1-RCS-0914,PDA08S-11,100.0,0.0,0.0,0.0,0.0,0.0,0.0,ม.ค. 2025
S1-RCS-0915,BSP06S-08,100.0,0.0,0.0,0.0,0.0,0.0,0.0,ม.ค. 2025
S1-RCS-0916,BSP02S-13,100.0,0.0,0.0,0.0,0.0,0.0,0.0,ม.ค. 2025
S1-RCS-0917,BSP07S-23,100.0,0.0,0.0,0.0,0.0,0.0,0.0,ม.ค. 2025
S1-RCS-0918,BSP02S-08,100.0,0.0,0.0,0.0,0.0,0.0,0.0,ม.ค. 2025
S1-RCS-0919,BSR10S-10,100.0,0.0,0.0,0.0,0.0,0.0,0.0,ม.ค. 2025
S1-RCS-0920,BSR03S-10,100.0,0.0,0.0,0.0,0.0,0.0,0.0,ม.ค. 2025
S1-RCS-0921,BSR02S-22,100.0,0.0,0.0,0.0,0.0,0.0,0.0,ม.ค. 2025
S1-RCS-0922,QTA09S-08,100.0,0.0,0.0,0.0,0.0,0.0,0.0,ม.ค. 2025
S1-RCS-0923,PBA10S-18,100.0,0.0,0.0,0.0,0.0,0.0,0.0,ม.ค. 2025
S1-RCS-0924,TSE10S-15,100.0,0.0,0.0,0.0,0.0,0.0,0.0,ม.ค. 2025
S1-RCS-0925,TSE05S-15,100.0,0.0,0.0,0.0,0.0,0.0,0.0,ม.ค. 2025
S1-RCS-0926,QTA02S-04,100.0,0.0,0.0,0.0,0.0,0.0,0.0,ม.ค. 2025
S1-RCS-0927,TSE01S-04,100.0,0.0,0.0,0.0,0.0,0.0,0.0,ม.ค. 2025
S1-RCS-0928,TSE01S-05,100.0,0.0,0.0,0.0,0.0,0.0,0.0,ม.ค. 2025
S1-RCS-0929,TSE04S-07,100.0,0.0,0.0,0.0,0.0,0.0,0.0,ม.ค. 2025
S1-RCS-0930,TSE09S-05,100.0,0.0,0.0,0.0,0.0,0.0,0.0,ม.ค. 2025
S1-RCS-0931,TSE09S-07,100.0,0.0,0.0,0.0,0.0,0.0,0.0,ม.ค. 2025
S1-RCS-0932,TSE10S-05,100.0,0.0,0.0,0.0,0.0,0.0,0.0,ม.ค. 2025
S1-RCS-0933,TSE05S-03,100.0,0.0,0.0,0.0,0.0,0.0,0.0,ม.ค. 2025
S1-RCS-0934,TSE08S-15,100.0,0.0,0.0,0.0,0.0,0.0,0.0,ม.ค. 2025
S1-RCS-0935,CPA06S-36,100.0,0.0,0.0,0.0,0.0,0.0,0.0,ม.ค. 2025
S1-RCS-0936,CPA01S-09,100.0,0.0,0.0,0.0,0.0,0.0,0.0,ม.ค. 2025
S1-RCS-0937,CPA01S-07,100.0,0.0,0.0,0.0,0.0,0.0,0.0,ม.ค. 2025
S1-RCS-0938,CPA08S-12,100.0,0.0,0.0,0.0,0.0,0.0,0.0,ม.ค. 2025
S1-RCS-0939,CPA02S-07,100.0,0.0,0.0,0.0,0.0,0.0,0.0,ม.ค. 2025
S1-RCS-0940,CPA04S-06,100.0,0.0,0.0,0.0,0.0,0.0,0.0,ม.ค. 2025
S1-RCS-0941,CPA05S-06,100.0,0.0,0.0,0.0,0.0,0.0,0.0,ม.ค. 2025
S1-RCS-0942,CPA09S-22,100.0,0.0,0.0,0.0,0.0,0.0,0.0,ม.ค. 2025
S1-RCS-0943,CPB07S-08,100.0,0.0,0.0,0.0,0.0,0.0,0.0,ม.ค. 2025
S1-RCS-0944,CPB10S-25,100.0,0.0,0.0,0.0,0.0,0.0,0.0,ม.ค. 2025
S1-RCS-0945,CPB07S-03,100.0,0.0,0.0,0.0,0.0,0.0,0.0,ม.ค. 2025
S1-RCS-0946,CPA01S-12,100.0,0.0,0.0,0.0,0.0,0.0,0.0,ม.ค. 2025
S1-RCS-0947,CPB07S-16,100.0,0.0,0.0,0.0,0.0,0.0,0.0,ม.ค. 2025
S1-RCS-0948,CPA09S-26,100.0,0.0,0.0,0.0,0.0,0.0,0.0,ม.ค. 2025
S1-RCS-0949,LSA02S-09,100.0,0.0,0.0,0.0,0.0,0.0,0.0,ม.ค. 2025
S1-RCS-0950,LSA04S-06,100.0,0.0,0.0,0.0,0.0,0.0,0.0,ม.ค. 2025
S1-RCS-0951,LAS10S-03,100.0,0.0,0.0,0.0,0.0,0.0,0.0,ม.ค. 2025
S1-RCS-0952,LAS09S-03,100.0,0.0,0.0,0.0,0.0,0.0,0.0,ม.ค. 2025
S1-RCS-0953,LSA03S-03,100.0,0.0,0.0,0.0,0.0,0.0,0.0,ม.ค. 2025
S1-RCS-0954,LSA05S-33,100.0,0.0,0.0,0.0,0.0,0.0,0.0,ม.ค. 2025
S1-RCS-0955,RNA04S-12,100.0,0.0,0.0,0.0,0.0,0.0,0.0,ม.ค. 2025
S1-RCS-0956,RNB08S-08,100.0,0.0,0.0,0.0,0.0,0.0,0.0,ม.ค. 2025
S1-RCS-0957,RNB08S-06,100.0,0.0,0.0,0.0,0.0,0.0,0.0,ม.ค. 2025
S1-RCS-0958,PBA10S-25,100.0,0.0,0.0,0.0,0.0,0.0,0.0,ม.ค. 2025
S1-RCS-0959,RNB07S-10,100.0,0.0,0.0,0.0,0.0,0.0,0.0,ม.ค. 2025
S1-RCS-0960,RNB05S-09,100.0,0.0,0.0,0.0,0.0,0.0,0.0,ม.ค. 2025
S1-RCS-0961,RNB06S-12,100.0,0.0,0.0,0.0,0.0,0.0,0.0,ม.ค. 2025
S1-RCS-0962,RNA06S-14,100.0,0.0,0.0,0.0,0.0,0.0,0.0,ม.ค. 2025
S1-RCS-0963,RNB10S-06,100.0,0.0,0.0,0.0,0.0,0.0,0.0,ม.ค. 2025
S1-RCS-0964,RNB07S-14,100.0,0.0,0.0,0.0,0.0,0.0,0.0,ม.ค. 2025
S1-RCS-0965,RNA05S-24,100.0,0.0,0.0,0.0,0.0,0.0,0.0,ม.ค. 2025
S1-RCS-0966,RNA03S-25,100.0,0.0,0.0,0.0,0.0,0.0,0.0,ม.ค. 2025
S1-RCS-0967,RNA05S-22,100.0,0.0,0.0,0.0,0.0,0.0,0.0,ม.ค. 2025
S1-RCS-0968,RNB04S-13,100.0,0.0,0.0,0.0,0.0,0.0,0.0,ม.ค. 2025
S1-RCS-0969,CBN02S-12,100.0,0.0,0.0,0.0,0.0,0.0,0.0,ม.ค. 2025
S1-RCS-0970,SSA04S-03,100.0,0.0,0.0,0.0,0.0,0.0,0.0,ม.ค. 2025
S1-RCS-0971,XPA04S-06,100.0,0.0,0.0,0.0,0.0,0.0,0.0,ม.ค. 2025
S1-RCS-0972,XPA05S-11,100.0,0.0,0.0,0.0,0.0,0.0,0.0,ม.ค. 2025
S1-RCS-0973,PTH04S-12,100.0,0.0,0.0,0.0,0.0,0.0,0.0,ม.ค. 2025
S1-RCS-0974,PTH09S-08,100.0,0.0,0.0,0.0,0.0,0.0,0.0,ม.ค. 2025
S1-RCS-0975,PTH04S-24,100.0,0.0,0.0,0.0,0.0,0.0,0.0,ม.ค. 2025
S1-RCS-0976,PBA02S-25,100.0,0.0,0.0,0.0,0.0,0.0,0.0,ม.ค. 2025
S1-RCS-0977,PBA07S-31,100.0,0.0,0.0,0.0,0.0,0.0,0.0,ม.ค. 2025
S1-RCS-0978,PBA05S-06,100.0,0.0,0.0,0.0,0.0,0.0,0.0,ม.ค. 2025
S1-RCS-0979,KHZ04S-16,100.0,0.0,0.0,0.0,0.0,0.0,0.0,ม.ค. 2025
S1-RCS-0980,XPA10S-08,100.0,0.0,0.0,0.0,0.0,0.0,0.0,ม.ค. 2025
S1-RCS-0981,DNA06S-13,100.0,0.0,0.0,0.0,0.0,0.0,0.0,ม.ค. 2025
S1-RCS-0982,DNA05S-25,100.0,0.0,0.0,0.0,0.0,0.0,0.0,ม.ค. 2025
S1-RCS-0983,DNA08S-09,100.0,0.0,0.0,0.0,0.0,0.0,0.0,ม.ค. 2025
S1-RCS-0984,DNA05S-32,100.0,0.0,0.0,0.0,0.0,0.0,0.0,ม.ค. 2025
S1-RCS-0985,DNA05S-31,100.0,0.0,0.0,0.0,0.0,0.0,0.0,ม.ค. 2025
S1-RCS-0986,DNA04S-05,100.0,0.0,0.0,0.0,0.0,0.0,0.0,ม.ค. 2025
S1-RCS-0987,DNA01S-19,100.0,0.0,0.0,0.0,0.0,0.0,0.0,ม.ค. 2025
S1-RCS-0988,DNA01S-04,100.0,0.0,0.0,0.0,0.0,0.0,0.0,ม.ค. 2025
S1-RCS-0989,DNA06S-21,100.0,0.0,0.0,0.0,0.0,0.0,0.0,ม.ค. 2025
S1-RCS-0990,DNA02S-23,100.0,0.0,0.0,0.0,0.0,0.0,0.0,ม.ค. 2025
S1-RCS-0991,DNA02S-22,100.0,0.0,0.0,0.0,0.0,0.0,0.0,ม.ค. 2025
S1-RCS-0992,PBA01S-15,100.0,0.0,0.0,0.0,0.0,0.0,0.0,ม.ค. 2025
S1-RCS-0993,PBA05S-08,100.0,0.0,0.0,0.0,0.0,0.0,0.0,ม.ค. 2025
S1-RCS-0994,PBA11S-30,100.0,0.0,0.0,0.0,0.0,0.0,0.0,ม.ค. 2025
S1-RCS-0995,PBA11S-07,100.0,0.0,0.0,0.0,0.0,0.0,0.0,ม.ค. 2025
S1-RCS-0996,PBA02S-31,100.0,0.0,0.0,0.0,0.0,0.0,0.0,ม.ค. 2025
S1-RCS-0997,PBA02S-29,100.0,0.0,0.0,0.0,0.0,0.0,0.0,ม.ค. 2025
S1-RCS-0998,SSA09S-15,100.0,0.0,0.0,0.0,0.0,0.0,0.0,ม.ค. 2025
S1-RCS-0999,SSA09S-21,100.0,0.0,0.0,0.0,0.0,0.0,0.0,ม.ค. 2025
S1-RCS-1000,RBB09S-29,100.0,0.0,0.0,0.0,0.0,0.0,0.0,ม.ค. 2025
S1-RCS-1001,PTH04S-04,100.0,0.0,0.0,0.0,0.0,0.0,0.0,ม.ค. 2025
S1-RCS-1002,PTR03S-20,100.0,0.0,0.0,0.0,0.0,0.0,0.0,ม.ค. 2025
S1-RCS-1003,KHY05S-07,100.0,0.0,0.0,0.0,0.0,0.0,0.0,ม.ค. 2025
S1-RCS-1004,KHY02S-16,100.0,0.0,0.0,0.0,0.0,0.0,0.0,ม.ค. 2025
S1-RCS-1005,CBN03S-17,100.0,0.0,0.0,0.0,0.0,0.0,0.0,ม.ค. 2025
S1-RCS-1006,CBN03S-23,100.0,0.0,0.0,0.0,0.0,0.0,0.0,ม.ค. 2025
S1-RCS-1007,PBB05S-22,100.0,0.0,0.0,0.0,0.0,0.0,0.0,ม.ค. 2025
S1-RCS-1008,PBB01S-14,100.0,0.0,0.0,0.0,0.0,0.0,0.0,ม.ค. 2025
S1-RCS-1009,DNA04S-20,100.0,0.0,0.0,0.0,0.0,0.0,0.0,ม.ค. 2025
S1-RCS-1010,PTH10S-10,100.0,0.0,0.0,0.0,0.0,0.0,0.0,ม.ค. 2025
S1-RCS-1011,PTH10S-08,100.0,0.0,0.0,0.0,0.0,0.0,0.0,ม.ค. 2025
S1-RCS-1012,PTH03S-08,100.0,0.0,0.0,0.0,0.0,0.0,0.0,ม.ค. 2025
S1-RCS-1013,HUC03S-12,100.0,0.0,0.0,0.0,0.0,0.0,0.0,ม.ค. 2025
S1-RCS-1014,PNA06S-20,100.0,0.0,0.0,0.0,0.0,0.0,0.0,ม.ค. 2025
S1-RCS-1015,CPB10S-05,100.0,0.0,0.0,0.0,0.0,0.0,0.0,ม.ค. 2025
S1-RCS-1016,CPB09S-07,100.0,0.0,0.0,0.0,0.0,0.0,0.0,ม.ค. 2025
S1-RCS-1017,KUA07S-15,100.0,0.0,0.0,0.0,0.0,0.0,0.0,ม.ค. 2025
S1-RCS-1018,LSA10S-05,100.0,0.0,0.0,0.0,0.0,0.0,0.0,ม.ค. 2025
S1-RCS-1019,XPA05S-32,100.0,0.0,0.0,0.0,0.0,0.0,0.0,ม.ค. 2025
S1-RCS-1020,HUB08S-09,100.0,0.0,0.0,0.0,0.0,0.0,0.0,ม.ค. 2025
S1-RCS-1021,HUC08S-06,100.0,0.0,0.0,0.0,0.0,0.0,0.0,ม.ค. 2025
S1-RCS-1022,HUC08S-10,100.0,0.0,0.0,0.0,0.0,0.0,0.0,ม.ค. 2025
S1-RCS-1023,HUC05S-16,100.0,0.0,0.0,0.0,0.0,0.0,0.0,ม.ค. 2025
S1-RCS-1024,CPA07S-11,100.0,0.0,0.0,0.0,0.0,0.0,0.0,ม.ค. 2025
S1-RCS-1025,CPA09S-28,100.0,0.0,0.0,0.0,0.0,0.0,0.0,ม.ค. 2025
S1-RCS-1026,CAB08S-10,100.0,0.0,0.0,0.0,0.0,0.0,0.0,ม.ค. 2025
S1-RCS-1027,PTH09S-19,100.0,0.0,0.0,0.0,0.0,0.0,0.0,ม.ค. 2025
S1-RCS-1028,PTH06S-04,100.0,0.0,0.0,0.0,0.0,0.0,0.0,ม.ค. 2025
S1-RCS-1029,DNA04S-13,100.0,0.0,0.0,0.0,0.0,0.0,0.0,ม.ค. 2025
S1-RCS-1030,BSP07S-07,100.0,0.0,0.0,0.0,0.0,0.0,0.0,ม.ค. 2025
S1-RCS-1031,PDA08S-05,100.0,0.0,0.0,0.0,0.0,0.0,0.0,ม.ค. 2025
S1-RCS-1032,PBB03S-08,100.0,0.0,0.0,0.0,0.0,0.0,0.0,ม.ค. 2025
S1-RCS-1033,PDA10S-06,100.0,0.0,0.0,0.0,0.0,0.0,0.0,ม.ค. 2025
S1-RCS-1034,HUB08S-03,100.0,0.0,0.0,0.0,0.0,0.0,0.0,ม.ค. 2025
S1-RCS-1035,PBA02S-11,100.0,0.0,0.0,0.0,0.0,0.0,0.0,ม.ค. 2025
S1-RCS-1036,CBN02S-09,100.0,0.0,0.0,0.0,0.0,0.0,0.0,ม.ค. 2025
S1-RCS-1037,PBA11S-10,100.0,0.0,0.0,0.0,0.0,0.0,0.0,ม.ค. 2025
S1-RCS-1038,PTR02S-18,100.0,0.0,0.0,0.0,0.0,0.0,0.0,ม.ค. 2025
S1-RCS-1039,PBB03S-06,100.0,0.0,0.0,0.0,0.0,0.0,0.0,ม.ค. 2025
S1-RCS-1040,PTR09S-11,100.0,0.0,0.0,0.0,0.0,0.0,0.0,ม.ค. 2025
S1-RCS-1041,PTR02S-05,100.0,0.0,0.0,0.0,0.0,0.0,0.0,ม.ค. 2025
S1-RCS-1042,PTR09S-09,100.0,0.0,0.0,0.0,0.0,0.0,0.0,ม.ค. 2025
S1-RCS-1043,PBA04S-11,100.0,0.0,0.0,0.0,0.0,0.0,0.0,ม.ค. 2025
S1-RCS-1044,PBA10S-16,100.0,0.0,0.0,0.0,0.0,0.0,0.0,ม.ค. 2025
S1-RCS-1045,XPA01S-08,100.0,0.0,0.0,0.0,0.0,0.0,0.0,ม.ค. 2025
S1-RCS-1046,PTR03S-10,100.0,0.0,0.0,0.0,0.0,0.0,0.0,ม.ค. 2025
S1-RCS-1047,PTR03S-04,100.0,0.0,0.0,0.0,0.0,0.0,0.0,ม.ค. 2025
S1-RCS-1048,PTR04S-08,100.0,0.0,0.0,0.0,0.0,0.0,0.0,ม.ค. 2025
S1-RCS-1049,PTR07S-10,100.0,0.0,0.0,0.0,0.0,0.0,0.0,ม.ค. 2025
S1-RCS-1050,PTR09S-12,100.0,0.0,0.0,0.0,0.0,0.0,0.0,ม.ค. 2025
S1-RCS-1051,PTR09S-13,100.0,0.0,0.0,0.0,0.0,0.0,0.0,ม.ค. 2025
S1-RCS-1052,BNP05S-18,100.0,0.0,0.0,0.0,0.0,0.0,0.0,ม.ค. 2025
S1-RCS-1053,DNA02S-18,100.0,0.0,0.0,0.0,0.0,0.0,0.0,ม.ค. 2025
S1-RCS-1054,DNA07S-12,100.0,0.0,0.0,0.0,0.0,0.0,0.0,ม.ค. 2025
S1-RCS-1055,DNA02S-20,100.0,0.0,0.0,0.0,0.0,0.0,0.0,ม.ค. 2025
S1-RCS-1056,DNA07S-16,100.0,0.0,0.0,0.0,0.0,0.0,0.0,ม.ค. 2025
S1-RCS-1057,DNA10S-12,100.0,0.0,0.0,0.0,0.0,0.0,0.0,ม.ค. 2025
S1-RCS-1058,CAA03S-15,100.0,0.0,0.0,0.0,0.0,0.0,0.0,ม.ค. 2025
S1-RCS-1059,CAA07S-06,100.0,0.0,0.0,0.0,0.0,0.0,0.0,ม.ค. 2025
S1-RCS-1060,CAB01S-07,100.0,0.0,0.0,0.0,0.0,0.0,0.0,ม.ค. 2025
S1-RCS-1061,CAB05S-19,100.0,0.0,0.0,0.0,0.0,0.0,0.0,ม.ค. 2025
S1-RCS-1062,CAC04S-03,100.0,0.0,0.0,0.0,0.0,0.0,0.0,ม.ค. 2025
S1-RCS-1063,CAC06S-04,100.0,0.0,0.0,0.0,0.0,0.0,0.0,ม.ค. 2025
S1-RCS-1064,CPA02S-10,100.0,0.0,0.0,0.0,0.0,0.0,0.0,ม.ค. 2025
S1-RCS-1065,CPA06S-35,100.0,0.0,0.0,0.0,0.0,0.0,0.0,ม.ค. 2025
S1-RCS-1066,CPA08S-14,100.0,0.0,0.0,0.0,0.0,0.0,0.0,ม.ค. 2025
S1-RCS-1067,CPA08S-16,100.0,0.0,0.0,0.0,0.0,0.0,0.0,ม.ค. 2025
S1-RCS-1068,CPA10S-18,100.0,0.0,0.0,0.0,0.0,0.0,0.0,ม.ค. 2025
S1-RCS-1069,CPB10S-12,100.0,0.0,0.0,0.0,0.0,0.0,0.0,ม.ค. 2025
S1-RCS-1070,CPB08S-14,100.0,0.0,0.0,0.0,0.0,0.0,0.0,ม.ค. 2025
S1-RCS-1071,PDA07S-04,100.0,0.0,0.0,0.0,0.0,0.0,0.0,ม.ค. 2025
S1-RCS-1072,KUA04S-22,100.0,0.0,0.0,0.0,0.0,0.0,0.0,ม.ค. 2025
S1-RCS-1073,KUA10S-12,100.0,0.0,0.0,0.0,0.0,0.0,0.0,ม.ค. 2025
S1-RCS-1074,PBB03S-09,100.0,0.0,0.0,0.0,0.0,0.0,0.0,ม.ค. 2025
S1-RCS-1075,BSP02S-03,100.0,0.0,0.0,0.0,0.0,0.0,0.0,ม.ค. 2025
S1-RCS-1076,BSP04S-05,100.0,0.0,0.0,0.0,0.0,0.0,0.0,ม.ค. 2025
S1-RCS-1077,BSP09S-04,100.0,0.0,0.0,0.0,0.0,0.0,0.0,ม.ค. 2025
S1-RCS-1078,BSP10S-22,100.0,0.0,0.0,0.0,0.0,0.0,0.0,ม.ค. 2025
S1-RCS-1079,BSR05S-05,100.0,0.0,0.0,0.0,0.0,0.0,0.0,ม.ค. 2025
S1-RCS-1080,BSR06S-14,100.0,0.0,0.0,0.0,0.0,0.0,0.0,ม.ค. 2025
S1-RCS-1081,PBA06S-16,100.0,0.0,0.0,0.0,0.0,0.0,0.0,ม.ค. 2025
S1-RCS-1082,KUA04S-12,100.0,0.0,0.0,0.0,0.0,0.0,0.0,ม.ค. 2025
S1-RCS-1083,KUA09S-10,100.0,0.0,0.0,0.0,0.0,0.0,0.0,ม.ค. 2025
S1-RCS-1084,LSA01S-19,100.0,0.0,0.0,0.0,0.0,0.0,0.0,ม.ค. 2025
S1-RCS-1085,LSA10S-21,100.0,0.0,0.0,0.0,0.0,0.0,0.0,ม.ค. 2025
S1-RCS-1086,LSA02S-05,100.0,0.0,0.0,0.0,0.0,0.0,0.0,ม.ค. 2025
S1-RCS-1087,RNA03S-12,100.0,0.0,0.0,0.0,0.0,0.0,0.0,ม.ค. 2025
S1-RCS-1088,LSA08S-17,100.0,0.0,0.0,0.0,0.0,0.0,0.0,ม.ค. 2025
S1-RCS-1089,RNA07S-06,100.0,0.0,0.0,0.0,0.0,0.0,0.0,ม.ค. 2025
S1-RCS-1090,LSA08S-19,100.0,0.0,0.0,0.0,0.0,0.0,0.0,ม.ค. 2025
S1-RCS-1091,LSA08S-21,100.0,0.0,0.0,0.0,0.0,0.0,0.0,ม.ค. 2025
S1-RCS-1092,PBA02S-26,100.0,0.0,0.0,0.0,0.0,0.0,0.0,ม.ค. 2025
S1-RCS-1093,LSA08S-22,100.0,0.0,0.0,0.0,0.0,0.0,0.0,ม.ค. 2025
S1-RCS-1094,HUB05S-24,100.0,0.0,0.0,0.0,0.0,0.0,0.0,ม.ค. 2025
S1-RCS-1095,RNB03S-09,100.0,0.0,0.0,0.0,0.0,0.0,0.0,ม.ค. 2025
S1-RCS-1096,RNB07S-18,100.0,0.0,0.0,0.0,0.0,0.0,0.0,ม.ค. 2025
S1-RCS-1097,RNB09S-04,100.0,0.0,0.0,0.0,0.0,0.0,0.0,ม.ค. 2025
S1-RCS-1098,RNB04S-20,100.0,0.0,0.0,0.0,0.0,0.0,0.0,ม.ค. 2025
S1-RCS-1099,RNA03S-24,100.0,0.0,0.0,0.0,0.0,0.0,0.0,ม.ค. 2025
S1-RCS-1100,RNA05S-23,100.0,0.0,0.0,0.0,0.0,0.0,0.0,ม.ค. 2025
S1-RCS-1101,PBA04S-10,100.0,0.0,0.0,0.0,0.0,0.0,0.0,ม.ค. 2025
S1-RCS-1102,PBB02S-12,100.0,0.0,0.0,0.0,0.0,0.0,0.0,ม.ค. 2025
S1-RCS-1103,PBA09S-13,100.0,0.0,0.0,0.0,0.0,0.0,0.0,ม.ค. 2025
S1-RCS-1104,PBB04S-14,100.0,0.0,0.0,0.0,0.0,0.0,0.0,ม.ค. 2025
S1-RCS-1105,PBA01S-05,100.0,0.0,0.0,0.0,0.0,0.0,0.0,ม.ค. 2025
S1-RCS-1106,PBB04S-10,100.0,0.0,0.0,0.0,0.0,0.0,0.0,ม.ค. 2025
S1-RCS-1107,PBA10S-26,100.0,0.0,0.0,0.0,0.0,0.0,0.0,ม.ค. 2025
S1-RCS-1108,TSE01S-10,100.0,0.0,0.0,0.0,0.0,0.0,0.0,ม.ค. 2025
S1-RCS-1109,PBA05S-24,100.0,0.0,0.0,0.0,0.0,0.0,0.0,ม.ค. 2025
S1-RCS-1110,PBB01S-07,100.0,0.0,0.0,0.0,0.0,0.0,0.0,ม.ค. 2025
S1-RCS-1111,PBB05S-03,100.0,0.0,0.0,0.0,0.0,0.0,0.0,ม.ค. 2025
S1-RCS-3300,BPC07S-03,100.0,0.0,0.0,0.0,0.0,0.0,0.0,ม.ค. 2025
S1-RCS-3301,BPC04S-07,100.0,0.0,0.0,0.0,0.0,0.0,0.0,ม.ค. 2025
S1-RCS-3302,BPC10S-02,100.0,0.0,0.0,0.0,0.0,0.0,0.0,ม.ค. 2025
S1-RCS-3303,BPC05S-03,100.0,0.0,0.0,0.0,0.0,0.0,0.0,ม.ค. 2025
S1-RCS-3304,BPB04S-06,100.0,0.0,0.0,0.0,0.0,0.0,0.0,ม.ค. 2025
S1-RCS-3305,BPA04S-13,100.0,0.0,0.0,0.0,0.0,0.0,0.0,ม.ค. 2025
S1-RCS-3306,BPA02S-13,100.0,0.0,0.0,0.0,0.0,0.0,0.0,ม.ค. 2025
S1-RCS-3307,BPB09S-06,100.0,0.0,0.0,0.0,0.0,0.0,0.0,ม.ค. 2025
S1-RCS-3308,BPB07S-07,100.0,0.0,0.0,0.0,0.0,0.0,0.0,ม.ค. 2025
S1-RCS-3309,TMK10S-07,100.0,0.0,0.0,0.0,0.0,0.0,0.0,ม.ค. 2025
S1-RCS-3310,BPB03S-06,100.0,0.0,0.0,0.0,0.0,0.0,0.0,ม.ค. 2025
S1-RCS-3311,TMK09S-11,100.0,0.0,0.0,0.0,0.0,0.0,0.0,ม.ค. 2025
S1-RCS-3312,BPC04S-08,100.0,0.0,0.0,0.0,0.0,0.0,0.0,ม.ค. 2025
S1-RCS-3313,BPB07S-08,100.0,0.0,0.0,0.0,0.0,0.0,0.0,ม.ค. 2025
S1-RCS-3314,BPA02S-05,100.0,0.0,0.0,0.0,0.0,0.0,0.0,ม.ค. 2025
S1-RCS-3315,NOM05S-04,100.0,0.0,0.0,0.0,0.0,0.0,0.0,ม.ค. 2025
S1-RCS-3316,BPB12S-03,100.0,0.0,0.0,0.0,0.0,0.0,0.0,ม.ค. 2025
S1-RCS-3317,BPB08S-09,100.0,0.0,0.0,0.0,0.0,0.0,0.0,ม.ค. 2025
S1-RCS-3318,BPB11S-22,100.0,0.0,0.0,0.0,0.0,0.0,0.0,ม.ค. 2025
S1-RCS-3319,BPB11S-10,100.0,0.0,0.0,0.0,0.0,0.0,0.0,ม.ค. 2025
S1-RCS-3320,BPC02S-04,100.0,0.0,0.0,0.0,0.0,0.0,0.0,ม.ค. 2025
S1-RCS-3321,BPB04S-04,100.0,0.0,0.0,0.0,0.0,0.0,0.0,ม.ค. 2025
S1-RCS-3322,NOM01S-06,100.0,0.0,0.0,0.0,0.0,0.0,0.0,ม.ค. 2025
S1-RCS-3323,BPB09S-14,100.0,0.0,0.0,0.0,0.0,0.0,0.0,ม.ค. 2025
S1-RCS-3324,BPB01S-03,100.0,0.0,0.0,0.0,0.0,0.0,0.0,ม.ค. 2025
S1-RCS-3325,NOM04S-03,100.0,0.0,0.0,0.0,0.0,0.0,0.0,ม.ค. 2025
S1-RCS-3326,NOM02S-03,100.0,0.0,0.0,0.0,0.0,0.0,0.0,ม.ค. 2025
S1-RCS-3327,BPB05S-04,100.0,0.0,0.0,0.0,0.0,0.0,0.0,ม.ค. 2025
S1-RCS-3328,BPB11S-02,100.0,0.0,0.0,0.0,0.0,0.0,0.0,ม.ค. 2025
S1-RCS-3329,BPB02S-06,100.0,0.0,0.0,0.0,0.0,0.0,0.0,ม.ค. 2025
S1-RCS-3330,BPB10S-05,100.0,0.0,0.0,0.0,0.0,0.0,0.0,ม.ค. 2025
S1-RCS-3331,BPB09S-09,100.0,0.0,0.0,0.0,0.0,0.0,0.0,ม.ค. 2025
S1-RCS-3332,BPB05S-12,100.0,0.0,0.0,0.0,0.0,0.0,0.0,ม.ค. 2025
S1-RCS-3333,BPA04S-09,100.0,0.0,0.0,0.0,0.0,0.0,0.0,ม.ค. 2025
S1-RCS-3334,BPC09S-02,100.0,0.0,0.0,0.0,0.0,0.0,0.0,ม.ค. 2025
S1-RCS-3335,BPA01S-03,100.0,0.0,0.0,0.0,0.0,0.0,0.0,ม.ค. 2025
S1-RCS-3337,NOM02S-14,100.0,0.0,0.0,0.0,0.0,0.0,0.0,ม.ค. 2025
S1-RCS-3338,NOM03S-03,100.0,0.0,0.0,0.0,0.0,0.0,0.0,ม.ค. 2025
S1-RCS-3339,NOM02S-06,100.0,0.0,0.0,0.0,0.0,0.0,0.0,ม.ค. 2025
S1-REC-0001,CAB01R-01,100.0,0.0,0.0,0.0,0.0,0.0,0.0,ม.ค. 2025
S1-REC-0003,BSR02R-01,100.0,0.0,0.0,0.0,0.0,0.0,0.0,ม.ค. 2025
S1-REC-0004,BSR02R-02,100.0,0.0,0.0,0.0,0.0,0.0,0.0,ม.ค. 2025
S1-REC-0005,BSP04R-03,100.0,0.0,0.0,0.0,0.0,0.0,0.0,ม.ค. 2025
S1-REC-0006,BSR02R-05,100.0,0.0,0.0,0.0,0.0,0.0,0.0,ม.ค. 2025
S1-REC-0007,CAB09R-01,100.0,0.0,0.0,0.0,0.0,0.0,0.0,ม.ค. 2025
S1-REC-0011,CPA06R-03,100.0,0.0,0.0,0.0,0.0,0.0,0.0,ม.ค. 2025
S1-REC-0012,CPA02R-01,100.0,0.0,0.0,0.0,0.0,0.0,0.0,ม.ค. 2025
S1-REC-0015,DNA07R-01,100.0,0.0,0.0,0.0,0.0,0.0,0.0,ม.ค. 2025
S1-REC-0016,DNA09R-01,100.0,0.0,0.0,0.0,0.0,0.0,0.0,ม.ค. 2025
S1-REC-0017,KDA01R-02,100.0,0.0,0.0,0.0,0.0,0.0,0.0,ม.ค. 2025
S1-REC-0020,KHY02R-01,100.0,0.0,0.0,0.0,0.0,0.0,0.0,ม.ค. 2025
S1-REC-0021,LSA06R-01,100.0,0.0,0.0,0.0,0.0,0.0,0.0,ม.ค. 2025
S1-REC-0022,LSA04R-01,100.0,0.0,0.0,0.0,0.0,0.0,0.0,ม.ค. 2025
S1-REC-0023,LSA09R-01,100.0,0.0,0.0,0.0,0.0,0.0,0.0,ม.ค. 2025
S1-REC-0024,LSA10R-01,100.0,0.0,0.0,0.0,0.0,0.0,0.0,ม.ค. 2025
S1-REC-0025,LSA01R-01,100.0,0.0,0.0,0.0,0.0,0.0,0.0,ม.ค. 2025
S1-REC-0026,LSA09R-05,100.0,0.0,0.0,0.0,0.0,0.0,0.0,ม.ค. 2025
S1-REC-0027,LSA05R-01,100.0,0.0,0.0,0.0,0.0,0.0,0.0,ม.ค. 2025
S1-REC-0028,PBA01R-01,100.0,0.0,0.0,0.0,0.0,0.0,0.0,ม.ค. 2025
S1-REC-0029,PBA11R-02,100.0,0.0,0.0,0.0,0.0,0.0,0.0,ม.ค. 2025
S1-REC-0030,PBA11R-01,100.0,0.0,0.0,0.0,0.0,0.0,0.0,ม.ค. 2025
S1-REC-0031,PBB04R-02,100.0,0.0,0.0,0.0,0.0,0.0,0.0,ม.ค. 2025
S1-REC-0032,PBB01R-01,100.0,0.0,0.0,0.0,0.0,0.0,0.0,ม.ค. 2025
S1-REC-0033,PBB01R-02,100.0,0.0,0.0,0.0,0.0,0.0,0.0,ม.ค. 2025
S1-REC-0036,PDA10R-01,100.0,0.0,0.0,0.0,0.0,0.0,0.0,ม.ค. 2025
S1-REC-0037,KUA10R-01,100.0,0.0,0.0,0.0,0.0,0.0,0.0,ม.ค. 2025
S1-REC-0038,PNA10R-01,100.0,0.0,0.0,0.0,0.0,0.0,0.0,ม.ค. 2025
S1-REC-0039,PTH01R-01,100.0,0.0,0.0,0.0,0.0,0.0,0.0,ม.ค. 2025
S1-REC-0040,PTR01R-02,100.0,0.0,0.0,0.0,0.0,0.0,0.0,ม.ค. 2025
S1-REC-0041,PTS02R-01,100.0,0.0,0.0,0.0,0.0,0.0,0.0,ม.ค. 2025
S1-REC-0042,PTS07R-01,100.0,0.0,0.0,0.0,0.0,0.0,0.0,ม.ค. 2025
S1-REC-0044,RBB09R-01,100.0,0.0,0.0,0.0,0.0,0.0,0.0,ม.ค. 2025
S1-REC-0045,CBN05R-04,100.0,0.0,0.0,0.0,0.0,0.0,0.0,ม.ค. 2025
S1-REC-0046,RBC03R-01,100.0,0.0,0.0,0.0,0.0,0.0,0.0,ม.ค. 2025
S1-REC-0047,CBN05R-01,100.0,0.0,0.0,0.0,0.0,0.0,0.0,ม.ค. 2025
S1-REC-0048,RBB05R-01,100.0,0.0,0.0,0.0,0.0,0.0,0.0,ม.ค. 2025
S1-REC-0049,CBN06R-01,100.0,0.0,0.0,0.0,0.0,0.0,0.0,ม.ค. 2025
S1-REC-0050,XPA04R-01,100.0,0.0,0.0,0.0,0.0,0.0,0.0,ม.ค. 2025
S1-REC-0051,CPA10R-02,100.0,0.0,0.0,0.0,0.0,0.0,0.0,ม.ค. 2025
S1-REC-0052,RNA03R-01,100.0,0.0,0.0,0.0,0.0,0.0,0.0,ม.ค. 2025
S1-REC-0053,CPA10R-05,100.0,0.0,0.0,0.0,0.0,0.0,0.0,ม.ค. 2025
S1-REC-0054,RNA04R-01,100.0,0.0,0.0,0.0,0.0,0.0,0.0,ม.ค. 2025
S1-REC-0055,RNA05R-02,100.0,0.0,0.0,0.0,0.0,0.0,0.0,ม.ค. 2025
S1-REC-0056,CPA08R-05,100.0,0.0,0.0,0.0,0.0,0.0,0.0,ม.ค. 2025
S1-REC-0057,RNB05R-02,100.0,0.0,0.0,0.0,0.0,0.0,0.0,ม.ค. 2025
S1-REC-0058,PTS09R-01,100.0,0.0,0.0,0.0,0.0,0.0,0.0,ม.ค. 2025
S1-REC-0059,RNB10R-01,100.0,0.0,0.0,0.0,0.0,0.0,0.0,ม.ค. 2025
S1-REC-0060,SSA10R-01,100.0,0.0,0.0,0.0,0.0,0.0,0.0,ม.ค. 2025
S1-REC-0061,PTH09R-01,100.0,0.0,0.0,0.0,0.0,0.0,0.0,ม.ค. 2025
S1-REC-0062,DNA01R-01,100.0,0.0,0.0,0.0,0.0,0.0,0.0,ม.ค. 2025
S1-REC-0063,DNA08R-02,100.0,0.0,0.0,0.0,0.0,0.0,0.0,ม.ค. 2025
S1-REC-0064,DNA01R-02,100.0,0.0,0.0,0.0,0.0,0.0,0.0,ม.ค. 2025
S1-REC-0065,DNA06R-01,100.0,0.0,0.0,0.0,0.0,0.0,0.0,ม.ค. 2025
S1-REC-0066,RBB09R-04,100.0,0.0,0.0,0.0,0.0,0.0,0.0,ม.ค. 2025
S1-REC-0067,RBB04R-02,100.0,0.0,0.0,0.0,0.0,0.0,0.0,ม.ค. 2025
S1-REC-0068,RBC04R-02,100.0,0.0,0.0,0.0,0.0,0.0,0.0,ม.ค. 2025
S1-REC-0069,RBB04R-01,100.0,0.0,0.0,0.0,0.0,0.0,0.0,ม.ค. 2025
S1-REC-0070,RBB07R-01,100.0,0.0,0.0,0.0,0.0,0.0,0.0,ม.ค. 2025
S1-REC-0071,PTS05R-01,100.0,0.0,0.0,0.0,0.0,0.0,0.0,ม.ค. 2025
S1-REC-0076,CBN02R-02,100.0,0.0,0.0,0.0,0.0,0.0,0.0,ม.ค. 2025
S1-REC-0077,DNA08R-01,100.0,0.0,0.0,0.0,0.0,0.0,0.0,ม.ค. 2025
S1-REC-0078,PTH04R-01,100.0,0.0,0.0,0.0,0.0,0.0,0.0,ม.ค. 2025
S1-REC-0079,PBA07R-01,100.0,0.0,0.0,0.0,0.0,0.0,0.0,ม.ค. 2025
S1-REC-0081,KDA01R-04,100.0,0.0,0.0,0.0,0.0,0.0,0.0,ม.ค. 2025
S1-REC-0082,PBA06R-01,100.0,0.0,0.0,0.0,0.0,0.0,0.0,ม.ค. 2025
S1-REC-0083,KDA02R-01,100.0,0.0,0.0,0.0,0.0,0.0,0.0,ม.ค. 2025
S1-REC-0085,CAB07R-01,100.0,0.0,0.0,0.0,0.0,0.0,0.0,ม.ค. 2025
S1-REC-0086,KUA04R-01,100.0,0.0,0.0,0.0,0.0,0.0,0.0,ม.ค. 2025
S1-REC-0087,PDA04R-01,100.0,0.0,0.0,0.0,0.0,0.0,0.0,ม.ค. 2025
S1-REC-0089,BSP07R-01,100.0,0.0,0.0,0.0,0.0,0.0,0.0,ม.ค. 2025
S1-REC-0090,TSE01R-02,100.0,0.0,0.0,0.0,0.0,0.0,0.0,ม.ค. 2025
S1-REC-0092,TSE04R-01,100.0,0.0,0.0,0.0,0.0,0.0,0.0,ม.ค. 2025
S1-REC-0094,CPA04R-03,100.0,0.0,0.0,0.0,0.0,0.0,0.0,ม.ค. 2025
S1-REC-0095,CPA10R-01,100.0,0.0,0.0,0.0,0.0,0.0,0.0,ม.ค. 2025
S1-REC-0096,CPA04R-01,100.0,0.0,0.0,0.0,0.0,0.0,0.0,ม.ค. 2025
S1-REC-0097,CPB07R-03,100.0,0.0,0.0,0.0,0.0,0.0,0.0,ม.ค. 2025
S1-REC-0098,CPB09R-03,100.0,0.0,0.0,0.0,0.0,0.0,0.0,ม.ค. 2025
S1-REC-0100,LSA01R-03,100.0,0.0,0.0,0.0,0.0,0.0,0.0,ม.ค. 2025
S1-REC-0101,KUR01R-03,100.0,0.0,0.0,0.0,0.0,0.0,0.0,ม.ค. 2025
S1-REC-0102,LSA07R-04,100.0,0.0,0.0,0.0,0.0,0.0,0.0,ม.ค. 2025
S1-REC-0103,LSA09R-04,100.0,0.0,0.0,0.0,0.0,0.0,0.0,ม.ค. 2025
S1-REC-0104,RNA03R-02,100.0,0.0,0.0,0.0,0.0,0.0,0.0,ม.ค. 2025
S1-REC-0110,PNA04R-01,100.0,0.0,0.0,0.0,0.0,0.0,0.0,ม.ค. 2025
S1-REC-0111,TSE09R-01,100.0,0.0,0.0,0.0,0.0,0.0,0.0,ม.ค. 2025
S1-REC-0129,BSR01R-07,100.0,0.0,0.0,0.0,0.0,0.0,0.0,ม.ค. 2025
S1-REC-0130,RBA07R-01,100.0,0.0,0.0,0.0,0.0,0.0,0.0,ม.ค. 2025
S1-REC-0131,DNA09R-02,100.0,0.0,0.0,0.0,0.0,0.0,0.0,ม.ค. 2025
S1-REC-0132,SSA05R-01,100.0,0.0,0.0,0.0,0.0,0.0,0.0,ม.ค. 2025
S1-REC-0133,PTH04R-02,100.0,0.0,0.0,0.0,0.0,0.0,0.0,ม.ค. 2025
S1-REC-0134,HUC05R-01,100.0,0.0,0.0,0.0,0.0,0.0,0.0,ม.ค. 2025
S1-REC-0135,DNA05R-02,100.0,0.0,0.0,0.0,0.0,0.0,0.0,ม.ค. 2025
S1-REC-0136,HUB08R-01,100.0,0.0,0.0,0.0,0.0,0.0,0.0,ม.ค. 2025
S1-REC-0137,PNA09R-02,100.0,0.0,0.0,0.0,0.0,0.0,0.0,ม.ค. 2025
S1-REC-0138,KDA01R-08,100.0,0.0,0.0,0.0,0.0,0.0,0.0,ม.ค. 2025
S1-REC-0139,KUA07R-02,100.0,0.0,0.0,0.0,0.0,0.0,0.0,ม.ค. 2025
S1-REC-0140,PDA03R-01,100.0,0.0,0.0,0.0,0.0,0.0,0.0,ม.ค. 2025
S1-REC-0141,RBC02R-01,100.0,0.0,0.0,0.0,0.0,0.0,0.0,ม.ค. 2025
S1-REC-0142,RBB09R-02,100.0,0.0,0.0,0.0,0.0,0.0,0.0,ม.ค. 2025
S1-REC-0144,CPA02R-08,100.0,0.0,0.0,0.0,0.0,0.0,0.0,ม.ค. 2025
S1-REC-0146,CPA09R-02,100.0,0.0,0.0,0.0,0.0,0.0,0.0,ม.ค. 2025
S1-REC-0147,CPA10R-04,100.0,0.0,0.0,0.0,0.0,0.0,0.0,ม.ค. 2025
S1-REC-0148,HUC03R-02,100.0,0.0,0.0,0.0,0.0,0.0,0.0,ม.ค. 2025
S1-REC-0149,PBB04R-01,100.0,0.0,0.0,0.0,0.0,0.0,0.0,ม.ค. 2025
S1-REC-0150,LSA07R-02,100.0,0.0,0.0,0.0,0.0,0.0,0.0,ม.ค. 2025
S1-REC-0151,CBN03R-02,100.0,0.0,0.0,0.0,0.0,0.0,0.0,ม.ค. 2025
S1-REC-0152,PTR02R-02,100.0,0.0,0.0,0.0,0.0,0.0,0.0,ม.ค. 2025
S1-REC-0153,RBB04R-03,100.0,0.0,0.0,0.0,0.0,0.0,0.0,ม.ค. 2025
S1-REC-0154,PBB04R-03,100.0,0.0,0.0,0.0,0.0,0.0,0.0,ม.ค. 2025
S1-REC-0155,CAB03R-02,100.0,0.0,0.0,0.0,0.0,0.0,0.0,ม.ค. 2025
S1-REC-0156,KUA09R-03,100.0,0.0,0.0,0.0,0.0,0.0,0.0,ม.ค. 2025
S1-REC-0157,CPA01R-01,100.0,0.0,0.0,0.0,0.0,0.0,0.0,ม.ค. 2025
S1-REC-0158,CAB09R-02,100.0,0.0,0.0,0.0,0.0,0.0,0.0,ม.ค. 2025
S1-REC-0159,CAB10R-02,100.0,0.0,0.0,0.0,0.0,0.0,0.0,ม.ค. 2025
S1-REC-0160,KUR08R-03,100.0,0.0,0.0,0.0,0.0,0.0,0.0,ม.ค. 2025
S1-REC-0161,PBA05R-01,100.0,0.0,0.0,0.0,0.0,0.0,0.0,ม.ค. 2025
S1-REC-0163,RBB08R-02,100.0,0.0,0.0,0.0,0.0,0.0,0.0,ม.ค. 2025
S1-REC-0164,PBA06R-02,100.0,0.0,0.0,0.0,0.0,0.0,0.0,ม.ค. 2025
S1-REC-0165,HUU03R-04,100.0,0.0,0.0,0.0,0.0,0.0,0.0,ม.ค. 2025
S1-REC-0166,TSE05R-01,100.0,0.0,0.0,0.0,0.0,0.0,0.0,ม.ค. 2025
S1-REC-0167,LSA03R-05,100.0,0.0,0.0,0.0,0.0,0.0,0.0,ม.ค. 2025
S1-REC-0168,LSA09R-07,100.0,0.0,0.0,0.0,0.0,0.0,0.0,ม.ค. 2025
S1-REC-0169,LSA10R-05,100.0,0.0,0.0,0.0,0.0,0.0,0.0,ม.ค. 2025
S1-REC-0170,CPA08R-02,100.0,0.0,0.0,0.0,0.0,0.0,0.0,ม.ค. 2025
S1-REC-0171,XPA04R-02,100.0,0.0,0.0,0.0,0.0,0.0,0.0,ม.ค. 2025
S1-REC-0172,XPA01R-03,100.0,0.0,0.0,0.0,0.0,0.0,0.0,ม.ค. 2025
S1-REC-0173,PTH04R-05,100.0,0.0,0.0,0.0,0.0,0.0,0.0,ม.ค. 2025
S1-REC-0174,RNA06R-01,100.0,0.0,0.0,0.0,0.0,0.0,0.0,ม.ค. 2025
S1-REC-0175,RNB04R-01,100.0,0.0,0.0,0.0,0.0,0.0,0.0,ม.ค. 2025
S1-REC-0176,RNB09R-03,100.0,0.0,0.0,0.0,0.0,0.0,0.0,ม.ค. 2025
S1-REC-0177,RBB03BR-01,100.0,0.0,0.0,0.0,0.0,0.0,0.0,ม.ค. 2025
S1-REC-0178,RBB04BR-01,100.0,0.0,0.0,0.0,0.0,0.0,0.0,ม.ค. 2025
S1-REC-0179,RBB07BR-01,100.0,0.0,0.0,0.0,0.0,0.0,0.0,ม.ค. 2025
S1-REC-0180,RBB08BR-01,100.0,0.0,0.0,0.0,0.0,0.0,0.0,ม.ค. 2025
S1-REC-0181,RNA03R-03,100.0,0.0,0.0,0.0,0.0,0.0,0.0,ม.ค. 2025
S1-REC-0182,RNA05R-03,100.0,0.0,0.0,0.0,0.0,0.0,0.0,ม.ค. 2025
S1-REC-0185,KHY06R-03,100.0,0.0,0.0,0.0,0.0,0.0,0.0,ม.ค. 2025
S1-REC-0186,CPA08R-03,100.0,0.0,0.0,0.0,0.0,0.0,0.0,ม.ค. 2025
S1-REC-0188,BSP01R-02,100.0,0.0,0.0,0.0,0.0,0.0,0.0,ม.ค. 2025
S1-REC-0190,BSP09R-01,100.0,0.0,0.0,0.0,0.0,0.0,0.0,ม.ค. 2025
S1-REC-0191,RNA03R-04,100.0,0.0,0.0,0.0,0.0,0.0,0.0,ม.ค. 2025
S1-REC-0192,RNA05R-01,100.0,0.0,0.0,0.0,0.0,0.0,0.0,ม.ค. 2025
S1-REC-0193,RNB09R-01,100.0,0.0,0.0,0.0,0.0,0.0,0.0,ม.ค. 2025
S1-REC-0194,CBN02R-01 ,100.0,0.0,0.0,0.0,0.0,0.0,0.0,ม.ค. 2025
S1-REC-0195,RNB05R-03,100.0,0.0,0.0,0.0,0.0,0.0,0.0,ม.ค. 2025
S1-REC-0200,XPA02R-03,94.3732357451319,260.0,244.287,6.0,2.142,253.0,2537.802,ม.ค. 2025
S1-REC-0201,XPA01R-05,75.99834718424248,148.0,132.269,5.0,0.154,141.0,347.954,ม.ค. 2025
S1-REC-0202,XPA02R-04,52.09868535798379,168.0,90.925,5.0,139.577,165.0,648.353,ม.ค. 2025
S1-REC-0203,XPA01R-01,10.093785555323315,271.0,324.757,4.0,1.012,261.0,47978.941999999995,ม.ค. 2025
S1-REC-0204,TSE07R-02,49.289777307337054,244.0,201.205,4.0,5.352,237.0,3174.79,ม.ค. 2025
S1-REC-0205,QTA10R-01,51.38423377916721,228.0,157.571,7.0,4.014,226.0,2307.584,ม.ค. 2025
S1-REC-0206,TSE07R-03,61.794686805450496,234.0,234.823,4.0,0.048,229.0,3114.044,ม.ค. 2025
S1-REC-0207,BSR07R-02,56.137826079028784,232.0,143.337,7.0,5.492999999999999,227.0,2809.989,ม.ค. 2025
S1-REC-0208,BSR02R-04 ,15.35847954768667,4.0,41.784,0.0,0.0,4.0,108.767,ม.ค. 2025
S1-REC-0209,BSP09R-02,58.4633081670612,246.0,263.484,5.0,2.154,239.0,2934.718,ม.ค. 2025
S1-REC-0210,BSP04R-05,66.27899962947113,188.0,90.321,0.0,0.0,179.0,144.479,ม.ค. 2025
S1-REC-0211,RNA05R-07,17.8658082883116,160.0,24.080000000000002,0.0,0.0,155.0,128.251,ม.ค. 2025
S1-REC-0212,CPA02R-09,51.07533001634016,158.0,37.705999999999996,1.0,0.025,153.0,95.50800000000001,ม.ค. 2025
S1-REC-0213,LSA09R-03,28.2185064979527,148.0,25.286,4.0,1.969,147.0,234.82999999999998,ม.ค. 2025
S1-REC-0214,CPA09R-04,0.0,0.0,0.0,0.0,0.0,2.0,76.483,ม.ค. 2025
S1-REC-0215,LSA07R-07,1.3535684350496737,170.0,171.365,3.0,0.28,158.0,43643.30299999999,ม.ค. 2025
S1-REC-0216,LSA07R-05 ,0.0,24.0,390.67,0.0,0.0,24.0,927.008,ม.ค. 2025
S1-REC-0217,RNA04R-03,54.96220931200575,225.0,152.316,2.0,1.017,216.0,2822.158,ม.ค. 2025
S1-REC-0218,BSP04R-04,100.0,0.0,0.0,0.0,0.0,0.0,0.0,ม.ค. 2025
S1-REC-0219,BSP07R-04,54.993837412079735,223.0,192.032,2.0,2.018,215.0,3021.882,ม.ค. 2025
S1-REC-0220,KDA02R-02,53.69444906703116,257.0,209.619,4.0,1.946,248.0,3956.719,ม.ค. 2025
S1-REC-0300,BSP02R-02,36.96819787985866,6.0,4.5760000000000005,0.0,0.0,1.0,4.343,ม.ค. 2025
S1-REC-0301,BSP02R-03,49.303931796107776,7.0,9.082,0.0,0.0,2.0,5.011,ม.ค. 2025
S1-REC-0302,BSR02R-07,75.95892932626094,6.0,6.481,0.0,0.0,1.0,11.15,ม.ค. 2025
S1-REC-0303,BSP05R-01,52.21079724029772,13.0,25.278,0.0,0.0,9.0,277.004,ม.ค. 2025
S1-REC-0304,BSP06R-02,60.72603289209787,6.0,5.621,0.0,0.0,2.0,13.960999999999999,ม.ค. 2025
S1-REC-0305,PTH03R-01,68.5541629364369,9.0,13.957,0.0,0.0,3.0,11.332999999999998,ม.ค. 2025
S1-REC-0306,BSP07R-05,95.42576749252125,8.0,14.307,5.0,22.501,1.0,5.104,ม.ค. 2025
S1-REC-0307,BSP10R-02,20.805369127516776,5.0,1.652,0.0,0.0,0.0,0.0,ม.ค. 2025
S1-REC-0308,BSR01R-04,55.5160101265563,16.0,158.673,40.0,668.859,14.0,212.85899999999998,ม.ค. 2025
S1-REC-0309,BSR01R-05,49.99179116729601,1.0,3.043,0.0,0.0,1.0,0.001,ม.ค. 2025
S1-REC-0310,BSR02R-06,19.60227272727273,5.0,0.28200000000000003,0.0,0.0,1.0,0.001,ม.ค. 2025
S1-REC-0311,PTH06R-02,85.43582199337992,5.0,0.396,0.0,0.0,0.0,0.0,ม.ค. 2025
S1-REC-0312,PBA01R-02,56.18157543391188,6.0,1.6320000000000001,0.0,0.0,1.0,0.009,ม.ค. 2025
S1-REC-0313,CAB01R-05,89.60931005818786,6.0,1.5,0.0,0.0,0.0,0.0,ม.ค. 2025
S1-REC-0314,CAA06R-01,55.891822279459106,5.0,0.685,0.0,0.0,0.0,0.0,ม.ค. 2025
S1-REC-0315,CAB06R-03,39.148741513926,7.0,3.375,0.0,0.0,2.0,55.156,ม.ค. 2025
S1-REC-0316,CAB07R-02,83.03073267430716,8.0,13.594000000000001,0.0,0.0,3.0,12.258,ม.ค. 2025
S1-REC-0317,CAB02R-02,60.744596939580376,5.0,10.33,1.0,2.112,0.0,0.0,ม.ค. 2025
S1-REC-0318,CBN04R-01,85.99327909309716,10.0,17.514,0.0,0.0,5.0,19.207,ม.ค. 2025
S1-REC-0319,XPA05R-01,38.794461487438845,7.0,2.227,0.0,0.0,2.0,5.155,ม.ค. 2025
S1-REC-0320,XPA02R-02,12.001952330594648,6.0,3.203,0.0,0.0,1.0,50.885,ม.ค. 2025
S1-REC-0321,XPA01R-02,50.23627230481087,8.0,1.9869999999999999,0.0,0.0,3.0,61.515,ม.ค. 2025
S1-REC-0322,XPA01R-04,22.024748775018686,7.0,7.058,0.0,0.0,2.0,2.331,ม.ค. 2025
S1-REC-0323,XPA05R-04,5.8319926453688815,7.0,4.127,0.0,0.0,2.0,61.428999999999995,ม.ค. 2025
S1-REC-0324,RNA07BR-01,0.0,0.0,0.0,0.0,0.0,0.0,0.0,ม.ค. 2025
S1-REC-0325,CPA02R-06,13.223140495867769,5.0,0.105,0.0,0.0,0.0,0.0,ม.ค. 2025
S1-REC-0326,CPA02R-07,80.64421238417415,6.0,1.2999999999999998,0.0,0.0,1.0,0.016,ม.ค. 2025
S1-REC-0327,CPA02R-11,91.18948307836425,7.0,11.179,0.0,0.0,1.0,2.741,ม.ค. 2025
S1-REC-0328,CPA03R-03,57.000305857164705,5.0,5.8629999999999995,0.0,0.0,1.0,5.384,ม.ค. 2025
S1-REC-0329,CPA03R-04,66.75815639564992,7.0,5.417,0.0,0.0,2.0,1.002,ม.ค. 2025
S1-REC-0330,PNA08R-02,71.9586998087954,10.0,16.446,2.0,11.274999999999999,5.0,27.275,ม.ค. 2025
S1-REC-0331,CPA09R-01,53.675343214140945,6.0,1.7069999999999999,0.0,0.0,1.0,24.579,ม.ค. 2025
S1-REC-0332,CPA09R-03,72.21413767253165,6.0,3.218,0.0,0.0,1.0,3.083,ม.ค. 2025
S1-REC-0333,CPA10R-06,89.12978694917963,7.0,5.838,1.0,1.02,1.0,18.311,ม.ค. 2025
S1-REC-0334,CPA10R-07,87.08702257277456,8.0,11.749,0.0,0.0,2.0,5.0809999999999995,ม.ค. 2025
S1-REC-0335,PBA05R-02,59.97622788992304,7.0,10.734,0.0,0.0,1.0,9.133,ม.ค. 2025
S1-REC-0336,CPB09R-02,46.30160067396799,6.0,2.17,0.0,0.0,1.0,1.017,ม.ค. 2025
S1-REC-0337,DNA01R-03,46.31309659151653,22.0,488.34799999999996,40.0,640.428,17.0,352.618,ม.ค. 2025
S1-REC-0338,HUB01R-08,25.55563345719694,9.0,4.457,0.0,0.0,4.0,6.161,ม.ค. 2025
S1-REC-0339,DNA07R-02,50.655433535741146,22.0,112.837,9.0,161.092,16.0,233.231,ม.ค. 2025
S1-REC-0340,DNA09R-03,74.85284878145563,8.0,16.606,2.0,59.21,3.0,15.441,ม.ค. 2025
S1-REC-0341,HUB01R-04,46.397640980009506,63.0,72.105,3.0,69.735,60.0,282.24899999999997,ม.ค. 2025
S1-REC-0342,HUB01R-06,64.29627519884734,24.0,30.076999999999998,1.0,0.008,20.0,55.158,ม.ค. 2025
S1-REC-0343,HUB01R-07,39.053755671541985,67.0,113.152,5.0,26.253999999999998,62.0,403.803,ม.ค. 2025
S1-REC-0344,HUB02R-01,55.78399709381888,67.0,92.699,2.0,16.141,63.0,424.27500000000003,ม.ค. 2025
S1-REC-0345,HUB06R-01,60.221901676459034,65.0,118.022,3.0,8.144,61.0,250.531,ม.ค. 2025
S1-REC-0346,HUC08R-01,61.42984211696686,7.0,0.26999999999999996,0.0,0.0,3.0,10.137,ม.ค. 2025
S1-REC-0347,HUC07R-01,68.79887345491211,16.0,39.377,0.0,0.0,11.0,50.358999999999995,ม.ค. 2025
S1-REC-0348,KDA01R-01,23.223383026176787,5.0,2.2279999999999998,0.0,0.0,1.0,30.475,ม.ค. 2025
S1-REC-0349,KDA02BR-01,48.24509220701963,6.0,4.3500000000000005,0.0,0.0,0.0,0.0,ม.ค. 2025
S1-REC-0350,KDA04BR-01,50.12130033964096,5.0,5.153,0.0,0.0,1.0,3.071,ม.ค. 2025
S1-REC-0351,KDA02R-03,62.824862765051805,63.0,85.981,4.0,8.238000000000001,59.0,209.716,ม.ค. 2025
S1-REC-0352,KDA03BR-01,71.57162935448248,6.0,7.202,0.0,0.0,2.0,4.125,ม.ค. 2025
S1-REC-0353,KHY02R-02,51.72857309895935,7.0,5.265000000000001,0.0,0.0,2.0,7.12,ม.ค. 2025
S1-REC-0354,KHY06R-01,79.53669098890668,6.0,2.072,0.0,0.0,1.0,4.827,ม.ค. 2025
S1-REC-0355,KHY06R-02,35.49257970381237,6.0,29.071999999999996,0.0,0.0,2.0,12.265,ม.ค. 2025
S1-REC-0356,PBA12R-01,79.23461633957146,8.0,42.623,5.0,28.471,3.0,5.013,ม.ค. 2025
S1-REC-0357,LSA01R-05,5.360037045612411,5.0,3.19,0.0,0.0,1.0,21.335,ม.ค. 2025
S1-REC-0358,LSA01R-06,23.432343234323433,5.0,1.3559999999999999,0.0,0.0,1.0,3.052,ม.ค. 2025
S1-REC-0359,LSA06R-02,74.56478339809892,9.0,17.725,0.0,0.0,4.0,13.235,ม.ค. 2025
S1-REC-0360,LSA04R-03,63.998558451080534,6.0,3.503,0.0,0.0,2.0,22.372,ม.ค. 2025
S1-REC-0361,LSA04R-02,69.29232078565201,11.0,24.788999999999998,4.0,30.869,6.0,17.948,ม.ค. 2025
S1-REC-0362,LSA05R-03,32.203604013445556,6.0,4.3420000000000005,0.0,0.0,1.0,22.483,ม.ค. 2025
S1-REC-0363,LSA07R-01,27.353939996971732,7.0,5.139,1.0,13.12,2.0,15.326,ม.ค. 2025
S1-REC-0364,LSA07R-06,92.11453699232514,6.0,2.56,0.0,0.0,1.0,5.115,ม.ค. 2025
S1-REC-0365,LSA07R-08,82.0487369706544,6.0,5.398000000000001,70.0,709.54,2.0,5.043,ม.ค. 2025
S1-REC-0366,LSA10R-03,33.43668906780225,7.0,5.415,0.0,0.0,3.0,94.623,ม.ค. 2025
S1-REC-0367,LSA10R-04,54.65746408799357,8.0,5.455,0.0,0.0,3.0,87.504,ม.ค. 2025
S1-REC-0368,PBA02R-01,62.0012257134812,7.0,11.225999999999999,1.0,7.994,2.0,3.721,ม.ค. 2025
S1-REC-0369,PBA02R-03,69.9685162314185,11.0,66.33,0.0,0.0,7.0,27.531,ม.ค. 2025
S1-REC-0370,PBA05R-03,58.05477757974757,7.0,6.493,0.0,0.0,1.0,5.039,ม.ค. 2025
S1-REC-0371,KDA01BR-01,43.03337502468567,6.0,3.0909999999999997,0.0,0.0,1.0,40.178,ม.ค. 2025
S1-REC-0372,PBA11R-03,30.40109215433544,6.0,6.321,0.0,0.0,2.0,84.935,ม.ค. 2025
S1-REC-0373,PBB01R-03,52.11307940923782,6.0,9.415000000000001,0.0,0.0,2.0,2.29,ม.ค. 2025
S1-REC-0374,PBB01R-05,74.38768369489154,5.0,0.366,0.0,0.0,0.0,0.0,ม.ค. 2025
S1-REC-0375,PBB05R-03,83.83281213805883,5.0,1.051,2.0,21.282999999999998,0.0,0.0,ม.ค. 2025
S1-REC-0376,PDA02R-01,44.56263121063681,7.0,7.5280000000000005,0.0,0.0,2.0,4.355,ม.ค. 2025
S1-REC-0377,PTH03R-02,96.17743601815162,5.0,0.878,1.0,2.042,1.0,0.003,ม.ค. 2025
S1-REC-0378,PDA10R-02,96.64038395611931,5.0,0.098,0.0,0.0,0.0,0.0,ม.ค. 2025
S1-REC-0379,PDA07R-01,73.12538711675441,7.0,8.315,0.0,0.0,2.0,19.454,ม.ค. 2025
S1-REC-0380,PTH10R-01,33.97512001238837,6.0,4.6690000000000005,0.0,0.0,1.0,8.122,ม.ค. 2025
S1-REC-0381,PTH05R-01,27.715378918785483,7.0,10.311,0.0,0.0,2.0,1.4020000000000001,ม.ค. 2025
S1-REC-0382,RBB04R-06,51.22783083219645,6.0,0.667,0.0,0.0,1.0,0.048,ม.ค. 2025
S1-REC-0383,PTS01R-02,66.47429349676541,11.0,50.580000000000005,3.0,50.67,7.0,16.908,ม.ค. 2025
S1-REC-0384,PTS07R-02,35.45464003329172,10.0,13.234,1.0,0.016,5.0,48.791000000000004,ม.ค. 2025
S1-REC-0385,RBB03R-02,35.915834793069244,8.0,25.259000000000004,0.0,0.0,3.0,5.106,ม.ค. 2025
S1-REC-0386,PTH01R-02,70.93766188913831,6.0,1.376,0.0,0.0,1.0,0.307,ม.ค. 2025
S1-REC-0387,RBB04R-04,74.77132878762681,9.0,19.387999999999998,0.0,0.0,4.0,27.639000000000003,ม.ค. 2025
S1-REC-0388,RBB04R-05,38.253315520090794,23.0,234.145,14.0,210.826,17.0,810.7669999999999,ม.ค. 2025
S1-REC-0389,RBB07R-02,67.98093626119105,8.0,17.539,0.0,0.0,3.0,18.404,ม.ค. 2025
S1-REC-0390,RBB07R-03,93.87819501420006,6.0,0.17400000000000002,0.0,0.0,1.0,0.02,ม.ค. 2025
S1-REC-0391,RBB09R-03,44.80817044715603,9.0,14.155000000000001,0.0,0.0,4.0,57.989000000000004,ม.ค. 2025
S1-REC-0392,HUC05R-03,49.34696174183283,7.0,14.954,4.0,117.124,1.0,3.855,ม.ค. 2025
S1-REC-0393,RNA04R-04,25.153516672671227,9.0,25.317,0.0,0.0,4.0,161.657,ม.ค. 2025
S1-REC-0394,CAB02R-01,0.0,0.0,0.0,0.0,0.0,0.0,0.0,ม.ค. 2025
S1-REC-0395,RNA05R-06,88.00650136074992,7.0,8.582,0.0,0.0,1.0,4.11,ม.ค. 2025
S1-REC-0396,RNA04R-02,0.0,0.0,0.0,0.0,0.0,0.0,0.0,ม.ค. 2025
S1-REC-0397,LSA07R-03,93.95095270863489,6.0,4.904,0.0,0.0,1.0,5.293,ม.ค. 2025
S1-REC-0398,RNA05R-05,35.6458953540032,13.0,32.564,0.0,0.0,7.0,151.398,ม.ค. 2025
S1-REC-0399,RNB04R-03,82.23345058123004,13.0,29.783,4.0,21.564999999999998,8.0,58.006,ม.ค. 2025
S1-REC-0400,PNA08R-01,14.763397522018213,6.0,4.687,0.0,0.0,1.0,1.023,ม.ค. 2025
S1-REC-0401,RNB04R-02,69.79892232882113,6.0,2.278,0.0,0.0,2.0,0.02,ม.ค. 2025
S1-REC-0402,RNB04R-04,8.771929824561402,4.0,0.104,0.0,0.0,0.0,0.0,ม.ค. 2025
S1-REC-0403,KUA04R-02,4.700117708247789,6.0,2.091,0.0,0.0,1.0,32.723,ม.ค. 2025
S1-REC-0404,CPA02R-10,51.436894971626245,7.0,6.181000000000001,0.0,0.0,3.0,9.822,ม.ค. 2025
S1-REC-0405,SME09R-01,10.902604495040537,3.0,15.522,0.0,0.0,3.0,378.55499999999995,ม.ค. 2025
S1-REC-0406,SSA07R-01,41.825726141078846,5.0,0.7010000000000001,0.0,0.0,0.0,0.0,ม.ค. 2025
S1-REC-0407,SSA07R-02,78.7435784174316,7.0,3.5740000000000003,0.0,0.0,2.0,31.555,ม.ค. 2025
S1-REC-0408,QTA02R-01,0.0,0.0,0.0,0.0,0.0,0.0,0.0,ม.ค. 2025
S1-REC-0409,TSE01R-01,56.78615026079237,7.0,5.444,0.0,0.0,3.0,6.2379999999999995,ม.ค. 2025
S1-REC-0410,TSE07R-04,82.37641570412836,6.0,5.226,0.0,0.0,1.0,1.045,ม.ค. 2025
S1-REC-0411,TSE09R-03,50.820939860614686,6.0,23.985000000000003,2.0,20.256999999999998,1.0,7.906,ม.ค. 2025
S1-REC-0412,TSE10R-01,54.43060213604504,11.0,22.79,5.0,5.0840000000000005,8.0,493.475,ม.ค. 2025
S1-REC-0413,TSE10R-02,87.48098543528054,5.0,5.202,0.0,0.0,1.0,1.958,ม.ค. 2025
S1-REC-0414,TSE10R-03,66.61461411371901,14.0,49.161,2.0,1.194,10.0,104.431,ม.ค. 2025
S1-REC-0500,PTR09R-01,67.33669548511047,11.0,59.855000000000004,0.0,0.0,6.0,21.750999999999998,ม.ค. 2025
S1-REC-0501,PTR07R-01,42.36220472440945,8.0,18.893,0.0,0.0,3.0,12.216999999999999,ม.ค. 2025
S1-REC-0502,PTR10R-01,24.84879715765778,9.0,50.169,0.0,0.0,4.0,5.249,ม.ค. 2025
S1-REC-0503,PTH09R-02,39.245177105081275,30.0,327.548,13.0,437.858,16.0,591.812,ม.ค. 2025
S1-REC-0504,KHZ07R-01,78.343900506005,7.0,10.765,0.0,0.0,2.0,3.444,ม.ค. 2025
S1-REC-0505,PTH07R-01,17.887014945838477,7.0,9.492999999999999,0.0,0.0,2.0,2.484,ม.ค. 2025
S1-REC-0506,PBA04R-02,54.583910639184865,9.0,10.144,0.0,0.0,4.0,26.896,ม.ค. 2025
S1-REC-0507,RBA04R-03,43.32479776523307,7.0,19.852,2.0,5.8839999999999995,3.0,13.218,ม.ค. 2025
S1-REC-0508,PTH06R-01,51.358277806253206,6.0,8.417,0.0,0.0,2.0,3.92,ม.ค. 2025
S1-REC-0509,XPA04R-03,27.175368139223565,6.0,1.722,0.0,0.0,1.0,0.998,ม.ค. 2025
S1-REC-0510,XPA05R-03,72.89325842696628,4.0,0.386,0.0,0.0,0.0,0.0,ม.ค. 2025
S1-REC-0511,CBN03R-05,32.707911830475986,7.0,21.979,0.0,0.0,4.0,53.36,ม.ค. 2025
S1-REC-0512,CBN03R-06,52.9520295202952,6.0,0.504,0.0,0.0,1.0,0.006,ม.ค. 2025
S1-REC-0513,CBN10R-02,51.046442096870635,6.0,2.447,0.0,0.0,1.0,0.009,ม.ค. 2025
S1-REC-0514,XPA10R-02,62.528538812785385,5.0,0.41600000000000004,0.0,0.0,1.0,0.897,ม.ค. 2025
S1-REC-0515,DNA10R-02,24.255121042830538,6.0,1.2369999999999999,0.0,0.0,1.0,6.898,ม.ค. 2025
S1-REC-0516,DNA09R-04,53.97706252312246,4.0,0.167,0.0,0.0,1.0,1.077,ม.ค. 2025
S1-REC-0517,DNA01R-04,61.601188822912675,18.0,84.638,58.0,919.546,12.0,223.469,ม.ค. 2025
S1-REC-0518,DNA05R-01,54.32122853952423,19.0,165.007,47.0,542.224,13.0,484.387,ม.ค. 2025
S1-REC-0519,DNA04R-03,63.329733937931955,18.0,178.385,52.0,550.705,11.0,250.645,ม.ค. 2025
S1-REC-0520,PBB02R-01,83.46839546191248,5.0,0.102,0.0,0.0,0.0,0.0,ม.ค. 2025
S1-REC-0521,PBB05R-01,71.78370680685012,6.0,2.8840000000000003,23.0,261.016,1.0,69.368,ม.ค. 2025
S1-REC-0522,KDA01R-05,87.2771886775918,6.0,7.2589999999999995,0.0,0.0,0.0,0.0,ม.ค. 2025
S1-REC-0523,KDA02R-04,98.15375302663438,4.0,0.122,0.0,0.0,0.0,0.0,ม.ค. 2025
S1-REC-0524,HUB05R-01,100.0,0.0,0.0,0.0,0.0,0.0,0.0,ม.ค. 2025
S1-REC-0525,HUC05R-02,79.91036974672,8.0,22.465,0.0,0.0,2.0,0.442,ม.ค. 2025
S1-REC-0526,HUB02R-02,23.430659979557234,60.0,98.679,5.0,36.599000000000004,57.0,378.611,ม.ค. 2025
S1-REC-0527,PNA09R-01,6.216765478882709,6.0,5.199,0.0,0.0,2.0,117.551,ม.ค. 2025
S1-REC-0528,KUA07R-01,68.00825593395253,5.0,0.309,0.0,0.0,1.0,0.001,ม.ค. 2025
S1-REC-0529,KUA01R-01,88.19188191881919,4.0,0.128,0.0,0.0,0.0,0.0,ม.ค. 2025
S1-REC-0530,PDA04R-02,100.0,0.0,0.0,0.0,0.0,0.0,0.0,ม.ค. 2025
S1-REC-0531,KUA05R-02,94.94499656228514,6.0,0.17300000000000001,0.0,0.0,1.0,3.062,ม.ค. 2025
S1-REC-0532,BSP07R-03,86.8976124212685,7.0,9.776000000000002,0.0,0.0,2.0,4.536,ม.ค. 2025
S1-REC-0533,BSP10R-01,86.27720402464429,6.0,5.152,0.0,0.0,1.0,1.04,ม.ค. 2025
S1-REC-0534,BSR06R-01,1.0415769992252732,3.0,0.01,0.0,0.0,1.0,34.478,ม.ค. 2025
S1-REC-0535,BSR01R-01,85.51688070822416,20.0,61.491,3.0,16.501,16.0,83.186,ม.ค. 2025
S1-REC-0536,BSR01R-03,31.426293954600627,5.0,3.072,1.0,2.109,1.0,32.671,ม.ค. 2025
S1-REC-0537,CPA04R-04,99.50319375443578,4.0,0.034999999999999996,0.0,0.0,0.0,0.0,ม.ค. 2025
S1-REC-0538,TSE02R-08,68.66239731715861,6.0,4.174,1.0,69.486,2.0,5.9559999999999995,ม.ค. 2025
S1-REC-0539,TSE05R-05,13.880597014925375,4.0,0.577,0.0,0.0,0.0,0.0,ม.ค. 2025
S1-REC-0540,CPA07R-01,73.53123177647679,5.0,19.24,0.0,0.0,5.0,84.701,ม.ค. 2025
S1-REC-0541,CPB08R-02,17.8987512499128,5.0,2.153,2.0,4.676,1.0,28.477,ม.ค. 2025
S1-REC-0542,LSA01R-04,71.70797798174223,4.0,21.457,24.0,306.492,1.0,37.692,ม.ค. 2025
S1-REC-0543,LSA01R-02,81.33333333333333,4.0,0.028,0.0,0.0,0.0,0.0,ม.ค. 2025
S1-REC-0544,LSA01R-07,33.51730414692773,9.0,11.555,0.0,0.0,4.0,45.422000000000004,ม.ค. 2025
S1-REC-0545,LSA10R-02,92.54901960784314,5.0,0.095,0.0,0.0,0.0,0.0,ม.ค. 2025
S1-REC-0546,LSA09R-06,94.33981627182317,4.0,2.015,0.0,0.0,2.0,16.186,ม.ค. 2025
S1-REC-0547,LSA04R-04,76.50417834434066,23.0,181.279,23.0,132.82399999999998,19.0,144.472,ม.ค. 2025
S1-REC-0548,DNA04R-02,53.121616186493604,122.0,2698.64,370.0,6063.487,113.0,3054.225,ม.ค. 2025
S1-REC-0549,TSE06R-01,100.0,0.0,0.0,0.0,0.0,0.0,0.0,ม.ค. 2025
S1-REC-0550,TSE02R-02,80.86778056181613,8.0,17.69,0.0,0.0,4.0,12.7,ม.ค. 2025
S1-REC-0551,CPA04R-02,3.4097561747440706,7.0,7.839,0.0,0.0,2.0,53.206999999999994,ม.ค. 2025
S1-REC-0552,CPB07R-01,78.32061068702289,5.0,0.142,0.0,0.0,0.0,0.0,ม.ค. 2025
S1-REC-0553,CPB09R-01,71.12347100614858,6.0,7.411,0.0,0.0,2.0,5.88,ม.ค. 2025
S1-REC-0554,CPA06R-04,95.1923076923077,3.0,0.01,0.0,0.0,0.0,0.0,ม.ค. 2025
S1-REC-0555,PDA04R-04,91.19544940218178,91.0,466.493,46.0,196.173,91.0,3870.722,ม.ค. 2025
S1-REC-0556,PBB01R-04,9.44147255957725,126.0,384.617,1.0,0.005,126.0,48667.444,ม.ค. 2025
S1-REC-0557,BSP04R-02,21.209164357363104,5.0,10.312999999999999,1.0,0.013,1.0,9.861,ม.ค. 2025
S1-REC-0558,BSR01R-02,68.27210615911423,12.0,76.489,43.0,398.848,7.0,90.701,ม.ค. 2025
S1-REC-0559,PNA09R-03,52.21916996579677,5.0,5.1049999999999995,3.0,21.182,2.0,9.196000000000002,ม.ค. 2025
S1-REC-0560,KUA09R-02,60.512508739398726,8.0,20.406,1.0,10.161,4.0,34.384,ม.ค. 2025
S1-REC-0561,PTR01R-01,100.0,0.0,0.0,0.0,0.0,0.0,0.0,ม.ค. 2025
S1-REC-3300,TMV01R-01 (Nulec ADVC),24.779427291339594,35.0,53.295,2.0,5.028,30.0,11.421,ม.ค. 2025
S1-REC-3301,BPC02R-01 (Cooper 4C),6.729675097259537,92.0,943.428,51.0,45581.111000000004,4.0,12.309999999999999,ม.ค. 2025
S1-REC-3302,BPB11R-02 (Cooper 4C),58.94256832793494,9.0,20.759,3.0,55.00599999999999,3.0,2.0460000000000003,ม.ค. 2025
S1-REC-3303,BPB11R-01 (Cooper 4C),32.54160184982984,12.0,167.002,16.0,213.645,8.0,369.997,ม.ค. 2025
S1-REC-3304,NOM01R-02  (Shin Sung Type R6),55.29988435660219,9.0,30.523,4.0,47.849000000000004,5.0,23.673,ม.ค. 2025
S1-REC-3305,BPB10R-01 (Cooper F6),66.29028825462886,10.0,17.246,0.0,0.0,4.0,11.265,ม.ค. 2025
S1-REC-3306,NOM03R-01 (Cooper 4C),45.29518255032243,11.0,26.318,2.0,50.105000000000004,7.0,203.094,ม.ค. 2025
S1-REC-3307,BPB09R-01 (Cooper 4C),54.92582736252628,17.0,146.863,50.0,1302.488,10.0,206.79399999999998,ม.ค. 2025
S1-REC-3308,NOM04R-02 (Nulec ADVC),38.97729240468063,11.0,26.052999999999997,28.0,899.753,7.0,113.786,ม.ค. 2025
S1-REC-3309,BPB12R-01 (Cooper F6),100.0,0.0,0.0,0.0,0.0,0.0,0.0,ม.ค. 2025
S1-REC-3310,BPB07R-01 (Cooper F6),49.44420214695933,15.0,39.646,2.0,35.853,8.0,62.443,ม.ค. 2025
S1-VSP-0001,CPA02S-09,100.0,0.0,0.0,0.0,0.0,0.0,0.0,ม.ค. 2025
S1-VSP-0002,CPA08S-32,100.0,0.0,0.0,0.0,0.0,0.0,0.0,ม.ค. 2025
S1-VSP-0003,BPB11S-03,0.0,0.0,0.0,0.0,0.0,0.0,0.0,ม.ค. 2025
S1-VSP-0004,CBN02S-20,100.0,0.0,0.0,0.0,0.0,0.0,0.0,ม.ค. 2025
S1-VSP-0005,RBB04S-25,100.0,0.0,0.0,0.0,0.0,0.0,0.0,ม.ค. 2025
S1-VSP-0006,BSP10S-03,100.0,0.0,0.0,0.0,0.0,0.0,0.0,ม.ค. 2025
S1-VSP-0007,BSP05S-04,57.41795901959589,93.0,374.067,4.0,1.2429999999999999,91.0,378.898,ม.ค. 2025
S1-VSP-0008,BSR01S-03/02,69.69288983624976,93.0,199.519,9.0,7.391,90.0,251.629,ม.ค. 2025
S1-VSP-0009,TSE06S-15,38.24913537977447,265.0,178.643,4.0,0.041,261.0,266.796,ม.ค. 2025
S1-VSP-0012,BPB09S-17,51.2056885914462,125.0,33.224,0.0,0.0,115.0,36.769,ม.ค. 2025
S1-VSP-0013,CPA10S-06,100.0,0.0,0.0,0.0,0.0,0.0,0.0,ม.ค. 2025
S1-VSP-0014,TSE09S-15,14.890929965556833,5.0,7.411,0.0,0.0,1.0,0.001,ม.ค. 2025
S1-VSP-0015,KHZ06S-07,34.297807380919146,210.0,636.551,16.0,58.427,203.0,1813.375,ม.ค. 2025
S1-VSP-0016,KHZ06S-08,15.821260061060228,129.0,54.691,0.0,0.0,127.0,21.133,ม.ค. 2025
S1-VSP-0017,KHZ02S-05,3.4319194233528068,204.0,222.088,12.0,27.028,200.0,44309.236000000004,ม.ค. 2025
S1-VSP-0018,KHY02S-15,10.607342196318491,274.0,1224.488,43.0,549.456,271.0,45891.596,ม.ค. 2025
S1-VSP-0019,KHY08S-26,65.81952053565628,99.0,94.345,5.0,8.27,95.0,249.823,ม.ค. 2025
S1-VSP-0020,PBB02S-15,67.00126835945109,466.0,824.962,15.0,42.583,457.0,4529.912,ม.ค. 2025
S1-VSP-0021,PBB02S-16,1.3332661766499414,150.0,43337.983,6.0,55.055,145.0,350.003,ม.ค. 2025
S1-VSP-0022,CAB01S-22,48.77297885474539,133.0,91.761,0.0,0.0,128.0,299.929,ม.ค. 2025
S1-VSP-0023,CAB01S-12,54.522282839733606,115.0,61.556,5.0,0.307,115.0,194.886,ม.ค. 2025
S1-VSP-0024,CAA03S-17,90.61727502119406,330.0,1083.515,17.0,90.987,327.0,3908.086,ม.ค. 2025
S1-VSP-0025,CAA06S-14,63.92925548280469,821.0,2503.417,59.0,543.157,821.0,8469.65,ม.ค. 2025
S1-VSP-0026,KUA01S-08,58.902497731098,164.0,332.028,11.0,94.296,157.0,622.894,ม.ค. 2025
S1-VSP-0027,KUA09S-14,65.17274786230931,1430.0,4892.23,172.0,988.081,1424.0,14977.559,ม.ค. 2025
S1-VSP-0028,KUA04S-19,67.30461623314496,2087.0,7369.1,244.0,1425.653,2081.0,22063.895,ม.ค. 2025
S1-VSP-0029,KUA05S-20,70.12205715695157,1173.0,3968.758,192.0,913.227,1170.0,10545.609,ม.ค. 2025
S1-VSP-0030,KUA08S-08,100.0,0.0,0.0,0.0,0.0,0.0,0.0,ม.ค. 2025
S1-VSP-0031,BSP01S-03,100.0,0.0,0.0,0.0,0.0,0.0,0.0,ม.ค. 2025
S1-VSP-0032,BSP02S-14,100.0,0.0,0.0,0.0,0.0,0.0,0.0,ม.ค. 2025
S1-VSP-0033,BSP06S-20,100.0,0.0,0.0,0.0,0.0,0.0,0.0,ม.ค. 2025
S1-VSP-0034,BSP07S-26,100.0,0.0,0.0,0.0,0.0,0.0,0.0,ม.ค. 2025
S1-VSP-0035,BSR02S-14,100.0,0.0,0.0,0.0,0.0,0.0,0.0,ม.ค. 2025
S1-VSP-0036,PNA08S-16,100.0,0.0,0.0,0.0,0.0,0.0,0.0,ม.ค. 2025
S1-VSP-0037,TSE02S-09,100.0,0.0,0.0,0.0,0.0,0.0,0.0,ม.ค. 2025
S1-VSP-0038,TSE09S-20,100.0,0.0,0.0,0.0,0.0,0.0,0.0,ม.ค. 2025
S1-VSP-0039,TSE09S-16,100.0,0.0,0.0,0.0,0.0,0.0,0.0,ม.ค. 2025
S1-VSP-0040,LSA05S-20,100.0,0.0,0.0,0.0,0.0,0.0,0.0,ม.ค. 2025
S1-VSP-0041,LSA01S-30,100.0,0.0,0.0,0.0,0.0,0.0,0.0,ม.ค. 2025
S1-VSP-0042,LSA01S-31,100.0,0.0,0.0,0.0,0.0,0.0,0.0,ม.ค. 2025
S1-VSP-0043,CPA04S-12,100.0,0.0,0.0,0.0,0.0,0.0,0.0,ม.ค. 2025
S1-VSP-0044,CPA09S-17,100.0,0.0,0.0,0.0,0.0,0.0,0.0,ม.ค. 2025
S1-VSP-0045,PTH03S-10,100.0,0.0,0.0,0.0,0.0,0.0,0.0,ม.ค. 2025
S1-VSP-0046,SSA07S-14,100.0,0.0,0.0,0.0,0.0,0.0,0.0,ม.ค. 2025
S1-VSP-0047,PBA06S-34,100.0,0.0,0.0,0.0,0.0,0.0,0.0,ม.ค. 2025
S1-VSP-0048,RIU03S-15,100.0,0.0,0.0,0.0,0.0,0.0,0.0,ม.ค. 2025
S1-VSP-0049,PTH08S-05,100.0,0.0,0.0,0.0,0.0,0.0,0.0,ม.ค. 2025
S1-VSP-0050,CBN05S-22,100.0,0.0,0.0,0.0,0.0,0.0,0.0,ม.ค. 2025
S1-VSP-0051,CBN08S-13,100.0,0.0,0.0,0.0,0.0,0.0,0.0,ม.ค. 2025
S1-VSP-0052,LSA02S-08,100.0,0.0,0.0,0.0,0.0,0.0,0.0,ม.ค. 2025
S1-VSP-0053,RNA03S-10,100.0,0.0,0.0,0.0,0.0,0.0,0.0,ม.ค. 2025
S1-VSP-3300,BPB02S-08,100.0,0.0,0.0,0.0,0.0,0.0,0.0,ม.ค. 2025
S1-VSP-3301,BPB07S-10,100.0,0.0,0.0,0.0,0.0,0.0,0.0,ม.ค. 2025
S1-VSP-3302,NOM02S-08,100.0,0.0,0.0,0.0,0.0,0.0,0.0,ม.ค. 2025
