Device,Description,Availability (%),จำนวนครั้ง Initializing,ระยะเวลา Initializing (seconds),จำนวนครั้ง Telemetry Failure,ระยะเวลา Telemetry Failure (seconds),จำนวนครั้ง Connecting,ระยะเวลา Connecting (seconds),Availability Period
S1-AVR-0003,PTH04A-01,68.17802676157815,95.0,358.279,268.0,2442.814,95.0,582.111,มี.ค. 2025
S1-AVR-0004,RBB08A-01,74.58582949869152,99.0,304.67,281.0,2558.757,99.0,402.008,มี.ค. 2025
S1-AVR-0005,PBA06A-01,100.0,0.0,0.0,0.0,0.0,0.0,0.0,มี.ค. 2025
S1-AVR-0006,HUU03A-01,79.07866150427607,97.0,356.118,113.0,918.486,97.0,484.082,มี.ค. 2025
S1-AVR-0007,TSE05A-01,78.12416634390993,26.0,50.902,93.0,574.254,26.0,64.486,มี.ค. 2025
S1-AVR-0008,LSA03A-01,73.24012524242049,25.0,40.961,70.0,546.558,25.0,68.175,มี.ค. 2025
S1-AVR-0009,LSA09A-01,0.0,74.0,2713.523,0.0,0.0,75.0,349.979,มี.ค. 2025
S1-AVR-0010,LSA10A-01,80.35958125649593,103.0,259.05,90.0,609.456,103.0,567.089,มี.ค. 2025
S1-AVR-0011,CPA08A-01,67.09411115990059,20.0,24.558,53.0,519.102,20.0,42.359,มี.ค. 2025
S1-AVR-0012,XPA04A-01,70.76375201212454,464.0,2031.529,300.0,2488.566,464.0,4250.963,มี.ค. 2025
S1-AVR-0013,XPA01A-01,14.3233082532604,143.0,561.296,145.0,44499.691,143.0,1173.433,มี.ค. 2025
S1-AVR-3300,,0.0,260.0,11681.213,0.0,0.0,258.0,53660.289,มี.ค. 2025
S1-CSW-0001,PBA01YB-01,100.0,0.0,0.0,0.0,0.0,0.0,0.0,มี.ค. 2025
S1-LBS-0001,RBB02YS-20,54.24068326634853,13.0,121.954,9.0,122.73700000000001,13.0,183.176,มี.ค. 2025
S1-LBS-0002,RBB05YS-05,10.609538114150014,65.0,271.921,184.0,44738.477000000006,65.0,514.894,มี.ค. 2025
S1-LBS-0003,KHY04YS-07,47.45553114812506,76.0,1357.612,24.0,155.516,75.0,1518.98,มี.ค. 2025
S1-LBS-0004,RBB04YS-05,83.43782443275816,221.0,3452.196,219.0,1661.104,225.0,5483.01,มี.ค. 2025
S1-LBS-0005,PTR03YS-06,47.25421234192143,341.0,5727.247,158.0,1245.647,342.0,51981.767,มี.ค. 2025
S1-LBS-0006,BSP03YS-09,46.60762541878251,64.0,615.794,11.0,57.041,65.0,909.369,มี.ค. 2025
S1-LBS-0007,BSP03YS-08,46.64706847975022,45.0,704.731,14.0,71.592,45.0,816.246,มี.ค. 2025
S1-LBS-0008,BSP02YS-10,50.42055496763377,5.0,2.078,6.0,65.935,5.0,4.136,มี.ค. 2025
S1-LBS-0009,BSP01YS-07,100.0,0.0,0.0,0.0,0.0,0.0,0.0,มี.ค. 2025
S1-LBS-0010,BSP02YS-08,34.95967165131659,4.0,2.076,3.0,53.937,4.0,3.0949999999999998,มี.ค. 2025
S1-LBS-0011,RBB02YS-10,63.00454134357143,46.0,246.20499999999998,205.0,1974.136,45.0,467.146,มี.ค. 2025
S1-LBS-0012,TSE03YS-05,43.368126640587604,44.0,145.707,4.0,16.576999999999998,44.0,1112.124,มี.ค. 2025
S1-LBS-0013,TSE03YS-08,44.4449141600989,56.0,186.77700000000002,6.0,6.999,56.0,1264.935,มี.ค. 2025
S1-LBS-0014,RBB03YS-06,45.49080607966472,894.0,17556.564,1523.0,66914.717,895.0,31112.156,มี.ค. 2025
S1-LBS-0015,CAB04YS-07,40.94889838248035,2409.0,36567.411,1261.0,15446.155,2414.0,103693.956,มี.ค. 2025
S1-LBS-0016,HUB02YS-07,78.8493274244812,179.0,374.507,205.0,2382.31,179.0,328.13,มี.ค. 2025
S1-LBS-0017,CPB02YS-03,75.21831655901056,76.0,183.144,131.0,1233.813,77.0,364.737,มี.ค. 2025
S1-LBS-0018,RBB03YS-07,81.89773666730554,74.0,153.711,142.0,1223.469,74.0,141.555,มี.ค. 2025
S1-LBS-0019,PTR07YS-04,93.86552180274343,117.0,321.43399999999997,592.0,5665.42,118.0,584.73,มี.ค. 2025
S1-LBS-0020,RBB05YS-15,1.144869360190542,58.0,43733.025,16.0,126.097,59.0,43952.988000000005,มี.ค. 2025
S1-LBS-0021,PTH04YS-05,58.38026127716853,202.0,2812.9,15.0,98.589,205.0,3757.968,มี.ค. 2025
S1-LBS-0022,BPB05YS-04,57.90980564833479,1360.0,27634.879,7.0,257.451,1362.0,77523.05,มี.ค. 2025
S1-LBS-0023,BPB01YS-04,60.781528791565286,34.0,655.391,0.0,0.0,34.0,505.16200000000003,มี.ค. 2025
S1-LBS-0024,BPB05YS-07,49.8877367684076,388.0,5452.374,7.0,72.508,389.0,11029.187,มี.ค. 2025
S1-RCS-0001,BSP10S-19,100.0,0.0,0.0,0.0,0.0,0.0,0.0,มี.ค. 2025
S1-RCS-0002,BSR06S-09,100.0,0.0,0.0,0.0,0.0,0.0,0.0,มี.ค. 2025
S1-RCS-0003,HUB05S-51,100.0,0.0,0.0,0.0,0.0,0.0,0.0,มี.ค. 2025
S1-RCS-0004,BSP09S-09,100.0,0.0,0.0,0.0,0.0,0.0,0.0,มี.ค. 2025
S1-RCS-0005,BSR07S-08,100.0,0.0,0.0,0.0,0.0,0.0,0.0,มี.ค. 2025
S1-RCS-0006,BSP09S-15,100.0,0.0,0.0,0.0,0.0,0.0,0.0,มี.ค. 2025
S1-RCS-0007,CBN04S-28,100.0,0.0,0.0,0.0,0.0,0.0,0.0,มี.ค. 2025
S1-RCS-0008,TSE02S-27,100.0,0.0,0.0,0.0,0.0,0.0,0.0,มี.ค. 2025
S1-RCS-0009,TSE09S-11,100.0,0.0,0.0,0.0,0.0,0.0,0.0,มี.ค. 2025
S1-RCS-0010,CAB04S-08,100.0,0.0,0.0,0.0,0.0,0.0,0.0,มี.ค. 2025
S1-RCS-0011,CAB10S-14,100.0,0.0,0.0,0.0,0.0,0.0,0.0,มี.ค. 2025
S1-RCS-0012,CAA06S-07,100.0,0.0,0.0,0.0,0.0,0.0,0.0,มี.ค. 2025
S1-RCS-0013,CAA03S-13,100.0,0.0,0.0,0.0,0.0,0.0,0.0,มี.ค. 2025
S1-RCS-0014,CAA03S-10,100.0,0.0,0.0,0.0,0.0,0.0,0.0,มี.ค. 2025
S1-RCS-0015,CAB09S-10,100.0,0.0,0.0,0.0,0.0,0.0,0.0,มี.ค. 2025
S1-RCS-0016,CAA03S-05,100.0,0.0,0.0,0.0,0.0,0.0,0.0,มี.ค. 2025
S1-RCS-0017,CAB10S-12,100.0,0.0,0.0,0.0,0.0,0.0,0.0,มี.ค. 2025
S1-RCS-0018,CAB04S-05,100.0,0.0,0.0,0.0,0.0,0.0,0.0,มี.ค. 2025
S1-RCS-0019,HUB09S-06,100.0,0.0,0.0,0.0,0.0,0.0,0.0,มี.ค. 2025
S1-RCS-0020,HUB06S-03,100.0,0.0,0.0,0.0,0.0,0.0,0.0,มี.ค. 2025
S1-RCS-0021,PBB04S-04,100.0,0.0,0.0,0.0,0.0,0.0,0.0,มี.ค. 2025
S1-RCS-0022,CAB05S-12,100.0,0.0,0.0,0.0,0.0,0.0,0.0,มี.ค. 2025
S1-RCS-0023,CAA06S-05,100.0,0.0,0.0,0.0,0.0,0.0,0.0,มี.ค. 2025
S1-RCS-0024,CPB07S-10,100.0,0.0,0.0,0.0,0.0,0.0,0.0,มี.ค. 2025
S1-RCS-0025,CPA03S-05,100.0,0.0,0.0,0.0,0.0,0.0,0.0,มี.ค. 2025
S1-RCS-0026,RNB08S-16,100.0,0.0,0.0,0.0,0.0,0.0,0.0,มี.ค. 2025
S1-RCS-0027,RNB07S-16,100.0,0.0,0.0,0.0,0.0,0.0,0.0,มี.ค. 2025
S1-RCS-0028,TSE08S-04,100.0,0.0,0.0,0.0,0.0,0.0,0.0,มี.ค. 2025
S1-RCS-0029,TSE07S-13,100.0,0.0,0.0,0.0,0.0,0.0,0.0,มี.ค. 2025
S1-RCS-0030,TSE07S-11,100.0,0.0,0.0,0.0,0.0,0.0,0.0,มี.ค. 2025
S1-RCS-0031,RIU01S-04,100.0,0.0,0.0,0.0,0.0,0.0,0.0,มี.ค. 2025
S1-RCS-0032,CAA07S-07,100.0,0.0,0.0,0.0,0.0,0.0,0.0,มี.ค. 2025
S1-RCS-0033,CPA01S-10,100.0,0.0,0.0,0.0,0.0,0.0,0.0,มี.ค. 2025
S1-RCS-0034,TSE05S-06,100.0,0.0,0.0,0.0,0.0,0.0,0.0,มี.ค. 2025
S1-RCS-0035,TSE08S-10,100.0,0.0,0.0,0.0,0.0,0.0,0.0,มี.ค. 2025
S1-RCS-0036,CPB07S-06,100.0,0.0,0.0,0.0,0.0,0.0,0.0,มี.ค. 2025
S1-RCS-0037,CPB10S-08,100.0,0.0,0.0,0.0,0.0,0.0,0.0,มี.ค. 2025
S1-RCS-0038,CPB08S-07,100.0,0.0,0.0,0.0,0.0,0.0,0.0,มี.ค. 2025
S1-RCS-0039,CPB06S-09,100.0,0.0,0.0,0.0,0.0,0.0,0.0,มี.ค. 2025
S1-RCS-0040,DNA07S-09,100.0,0.0,0.0,0.0,0.0,0.0,0.0,มี.ค. 2025
S1-RCS-0041,DNA07S-10,100.0,0.0,0.0,0.0,0.0,0.0,0.0,มี.ค. 2025
S1-RCS-0042,DNA02S-12,100.0,0.0,0.0,0.0,0.0,0.0,0.0,มี.ค. 2025
S1-RCS-0043,DNA02S-17,100.0,0.0,0.0,0.0,0.0,0.0,0.0,มี.ค. 2025
S1-RCS-0044,DNA01S-10,100.0,0.0,0.0,0.0,0.0,0.0,0.0,มี.ค. 2025
S1-RCS-0045,CAB10S-04,100.0,0.0,0.0,0.0,0.0,0.0,0.0,มี.ค. 2025
S1-RCS-0046,HUB05S-03,100.0,0.0,0.0,0.0,0.0,0.0,0.0,มี.ค. 2025
S1-RCS-0047,HUB04S-10,100.0,0.0,0.0,0.0,0.0,0.0,0.0,มี.ค. 2025
S1-RCS-0048,CAB05S-08,100.0,0.0,0.0,0.0,0.0,0.0,0.0,มี.ค. 2025
S1-RCS-0049,HUB05S-04,100.0,0.0,0.0,0.0,0.0,0.0,0.0,มี.ค. 2025
S1-RCS-0050,CAA04S-11,100.0,0.0,0.0,0.0,0.0,0.0,0.0,มี.ค. 2025
S1-RCS-0051,KDA01S-20,100.0,0.0,0.0,0.0,0.0,0.0,0.0,มี.ค. 2025
S1-RCS-0052,KHY10S-03,100.0,0.0,0.0,0.0,0.0,0.0,0.0,มี.ค. 2025
S1-RCS-0053,KHY09S-12,100.0,0.0,0.0,0.0,0.0,0.0,0.0,มี.ค. 2025
S1-RCS-0054,KHY10S-08,100.0,0.0,0.0,0.0,0.0,0.0,0.0,มี.ค. 2025
S1-RCS-0055,KHZ01S-10,100.0,0.0,0.0,0.0,0.0,0.0,0.0,มี.ค. 2025
S1-RCS-0056,KHY08S-04,100.0,0.0,0.0,0.0,0.0,0.0,0.0,มี.ค. 2025
S1-RCS-0057,KHY02S-14,100.0,0.0,0.0,0.0,0.0,0.0,0.0,มี.ค. 2025
S1-RCS-0058,CPA08S-09,100.0,0.0,0.0,0.0,0.0,0.0,0.0,มี.ค. 2025
S1-RCS-0059,HUB02S-10,100.0,0.0,0.0,0.0,0.0,0.0,0.0,มี.ค. 2025
S1-RCS-0060,TSE06S-16,100.0,0.0,0.0,0.0,0.0,0.0,0.0,มี.ค. 2025
S1-RCS-0061,TSE02S-18,100.0,0.0,0.0,0.0,0.0,0.0,0.0,มี.ค. 2025
S1-RCS-0062,PTR06S-15,100.0,0.0,0.0,0.0,0.0,0.0,0.0,มี.ค. 2025
S1-RCS-0063,HUB08S-06,100.0,0.0,0.0,0.0,0.0,0.0,0.0,มี.ค. 2025
S1-RCS-0064,PTR06S-08,100.0,0.0,0.0,0.0,0.0,0.0,0.0,มี.ค. 2025
S1-RCS-0065,RIU02S-05,100.0,0.0,0.0,0.0,0.0,0.0,0.0,มี.ค. 2025
S1-RCS-0066,CAB04S-07,100.0,0.0,0.0,0.0,0.0,0.0,0.0,มี.ค. 2025
S1-RCS-0067,CAB04S-10,100.0,0.0,0.0,0.0,0.0,0.0,0.0,มี.ค. 2025
S1-RCS-0068,PBA07S-14,100.0,0.0,0.0,0.0,0.0,0.0,0.0,มี.ค. 2025
S1-RCS-0069,PBB02S-06,100.0,0.0,0.0,0.0,0.0,0.0,0.0,มี.ค. 2025
S1-RCS-0070,PBB02S-14,100.0,0.0,0.0,0.0,0.0,0.0,0.0,มี.ค. 2025
S1-RCS-0071,PBA11S-09,100.0,0.0,0.0,0.0,0.0,0.0,0.0,มี.ค. 2025
S1-RCS-0072,PBA10S-11,100.0,0.0,0.0,0.0,0.0,0.0,0.0,มี.ค. 2025
S1-RCS-0073,PBA06S-22,100.0,0.0,0.0,0.0,0.0,0.0,0.0,มี.ค. 2025
S1-RCS-0074,CAA06S-08,100.0,0.0,0.0,0.0,0.0,0.0,0.0,มี.ค. 2025
S1-RCS-0075,PBA09S-18,100.0,0.0,0.0,0.0,0.0,0.0,0.0,มี.ค. 2025
S1-RCS-0076,PBA01S-17,100.0,0.0,0.0,0.0,0.0,0.0,0.0,มี.ค. 2025
S1-RCS-0077,PBA07S-22,100.0,0.0,0.0,0.0,0.0,0.0,0.0,มี.ค. 2025
S1-RCS-0078,PTR03S-16,100.0,0.0,0.0,0.0,0.0,0.0,0.0,มี.ค. 2025
S1-RCS-0079,PBB05S-05,100.0,0.0,0.0,0.0,0.0,0.0,0.0,มี.ค. 2025
S1-RCS-0080,PTS01S-08,100.0,0.0,0.0,0.0,0.0,0.0,0.0,มี.ค. 2025
S1-RCS-0081,PTS02S-20,100.0,0.0,0.0,0.0,0.0,0.0,0.0,มี.ค. 2025
S1-RCS-0082,PDA07S-08,100.0,0.0,0.0,0.0,0.0,0.0,0.0,มี.ค. 2025
S1-RCS-0083,RIU03S-09,100.0,0.0,0.0,0.0,0.0,0.0,0.0,มี.ค. 2025
S1-RCS-0084,HUC02S-51,100.0,0.0,0.0,0.0,0.0,0.0,0.0,มี.ค. 2025
S1-RCS-0085,PDA10S-08,100.0,0.0,0.0,0.0,0.0,0.0,0.0,มี.ค. 2025
S1-RCS-0086,KUA01S-06,100.0,0.0,0.0,0.0,0.0,0.0,0.0,มี.ค. 2025
S1-RCS-0087,PDA04S-07,100.0,0.0,0.0,0.0,0.0,0.0,0.0,มี.ค. 2025
S1-RCS-0088,PDA08S-07,100.0,0.0,0.0,0.0,0.0,0.0,0.0,มี.ค. 2025
S1-RCS-0089,PDA06S-10,100.0,0.0,0.0,0.0,0.0,0.0,0.0,มี.ค. 2025
S1-RCS-0090,XPA02S-06,100.0,0.0,0.0,0.0,0.0,0.0,0.0,มี.ค. 2025
S1-RCS-0091,KUA04S-11,100.0,0.0,0.0,0.0,0.0,0.0,0.0,มี.ค. 2025
S1-RCS-0092,HUB02S-11,100.0,0.0,0.0,0.0,0.0,0.0,0.0,มี.ค. 2025
S1-RCS-0093,HUC02S-05,100.0,0.0,0.0,0.0,0.0,0.0,0.0,มี.ค. 2025
S1-RCS-0094,PNA01S-07,100.0,0.0,0.0,0.0,0.0,0.0,0.0,มี.ค. 2025
S1-RCS-0095,PNA02S-11,100.0,0.0,0.0,0.0,0.0,0.0,0.0,มี.ค. 2025
S1-RCS-0096,CAB05S-14,100.0,0.0,0.0,0.0,0.0,0.0,0.0,มี.ค. 2025
S1-RCS-0097,HUB09S-10,100.0,0.0,0.0,0.0,0.0,0.0,0.0,มี.ค. 2025
S1-RCS-0098,PNA05S-06,100.0,0.0,0.0,0.0,0.0,0.0,0.0,มี.ค. 2025
S1-RCS-0099,HUC03S-08,100.0,0.0,0.0,0.0,0.0,0.0,0.0,มี.ค. 2025
S1-RCS-0100,HUB09S-07,100.0,0.0,0.0,0.0,0.0,0.0,0.0,มี.ค. 2025
S1-RCS-0101,PNA07S-10,100.0,0.0,0.0,0.0,0.0,0.0,0.0,มี.ค. 2025
S1-RCS-0102,PNA01S-17,100.0,0.0,0.0,0.0,0.0,0.0,0.0,มี.ค. 2025
S1-RCS-0103,PNA07S-12,100.0,0.0,0.0,0.0,0.0,0.0,0.0,มี.ค. 2025
S1-RCS-0104,PTH03S-12,100.0,0.0,0.0,0.0,0.0,0.0,0.0,มี.ค. 2025
S1-RCS-0105,HUC03S-11,100.0,0.0,0.0,0.0,0.0,0.0,0.0,มี.ค. 2025
S1-RCS-0106,SSA09S-06,100.0,0.0,0.0,0.0,0.0,0.0,0.0,มี.ค. 2025
S1-RCS-0107,PTH06S-12,100.0,0.0,0.0,0.0,0.0,0.0,0.0,มี.ค. 2025
S1-RCS-0108,HUB03S-52,100.0,0.0,0.0,0.0,0.0,0.0,0.0,มี.ค. 2025
S1-RCS-0109,PTH07S-16,100.0,0.0,0.0,0.0,0.0,0.0,0.0,มี.ค. 2025
S1-RCS-0110,PNA08S-22,100.0,0.0,0.0,0.0,0.0,0.0,0.0,มี.ค. 2025
S1-RCS-0111,HUC02S-11,100.0,0.0,0.0,0.0,0.0,0.0,0.0,มี.ค. 2025
S1-RCS-0112,PTH04S-19,100.0,0.0,0.0,0.0,0.0,0.0,0.0,มี.ค. 2025
S1-RCS-0113,HUB10S-12,100.0,0.0,0.0,0.0,0.0,0.0,0.0,มี.ค. 2025
S1-RCS-0114,HUB03S-06,100.0,0.0,0.0,0.0,0.0,0.0,0.0,มี.ค. 2025
S1-RCS-0115,PTR03S-12,100.0,0.0,0.0,0.0,0.0,0.0,0.0,มี.ค. 2025
S1-RCS-0116,PTR02S-07,100.0,0.0,0.0,0.0,0.0,0.0,0.0,มี.ค. 2025
S1-RCS-0117,PTR01S-13,100.0,0.0,0.0,0.0,0.0,0.0,0.0,มี.ค. 2025
S1-RCS-0118,PTR02S-15,100.0,0.0,0.0,0.0,0.0,0.0,0.0,มี.ค. 2025
S1-RCS-0119,PTR05S-05,100.0,0.0,0.0,0.0,0.0,0.0,0.0,มี.ค. 2025
S1-RCS-0120,PTR05S-10,100.0,0.0,0.0,0.0,0.0,0.0,0.0,มี.ค. 2025
S1-RCS-0121,PTR07S-08,100.0,0.0,0.0,0.0,0.0,0.0,0.0,มี.ค. 2025
S1-RCS-0122,PTR10S-15,100.0,0.0,0.0,0.0,0.0,0.0,0.0,มี.ค. 2025
S1-RCS-0123,PTR04S-05,100.0,0.0,0.0,0.0,0.0,0.0,0.0,มี.ค. 2025
S1-RCS-0124,PTS05S-05,100.0,0.0,0.0,0.0,0.0,0.0,0.0,มี.ค. 2025
S1-RCS-0125,PTR08S-06,100.0,0.0,0.0,0.0,0.0,0.0,0.0,มี.ค. 2025
S1-RCS-0126,RBA08S-09,100.0,0.0,0.0,0.0,0.0,0.0,0.0,มี.ค. 2025
S1-RCS-0127,PTR02S-19,100.0,0.0,0.0,0.0,0.0,0.0,0.0,มี.ค. 2025
S1-RCS-0128,RBA06S-09,100.0,0.0,0.0,0.0,0.0,0.0,0.0,มี.ค. 2025
S1-RCS-0129,RBC05S-05,100.0,0.0,0.0,0.0,0.0,0.0,0.0,มี.ค. 2025
S1-RCS-0130,RBC03S-13,100.0,0.0,0.0,0.0,0.0,0.0,0.0,มี.ค. 2025
S1-RCS-0131,RBC03S-14,100.0,0.0,0.0,0.0,0.0,0.0,0.0,มี.ค. 2025
S1-RCS-0132,CBN06S-08,100.0,0.0,0.0,0.0,0.0,0.0,0.0,มี.ค. 2025
S1-RCS-0133,CBN10S-14,100.0,0.0,0.0,0.0,0.0,0.0,0.0,มี.ค. 2025
S1-RCS-0134,RBB03S-12,100.0,0.0,0.0,0.0,0.0,0.0,0.0,มี.ค. 2025
S1-RCS-0135,KUA02S-08,100.0,0.0,0.0,0.0,0.0,0.0,0.0,มี.ค. 2025
S1-RCS-0136,RBB08S-09,100.0,0.0,0.0,0.0,0.0,0.0,0.0,มี.ค. 2025
S1-RCS-0137,RBC04S-12,100.0,0.0,0.0,0.0,0.0,0.0,0.0,มี.ค. 2025
S1-RCS-0138,CBN02S-11,100.0,0.0,0.0,0.0,0.0,0.0,0.0,มี.ค. 2025
S1-RCS-0139,CBN01S-09,100.0,0.0,0.0,0.0,0.0,0.0,0.0,มี.ค. 2025
S1-RCS-0140,RBB03S-17,100.0,0.0,0.0,0.0,0.0,0.0,0.0,มี.ค. 2025
S1-RCS-0141,HUC02S-04,100.0,0.0,0.0,0.0,0.0,0.0,0.0,มี.ค. 2025
S1-RCS-0142,RBA06S-13,100.0,0.0,0.0,0.0,0.0,0.0,0.0,มี.ค. 2025
S1-RCS-0143,RBA06S-06,100.0,0.0,0.0,0.0,0.0,0.0,0.0,มี.ค. 2025
S1-RCS-0144,RBA06S-04,100.0,0.0,0.0,0.0,0.0,0.0,0.0,มี.ค. 2025
S1-RCS-0145,RNB04S-04,100.0,0.0,0.0,0.0,0.0,0.0,0.0,มี.ค. 2025
S1-RCS-0146,RNA05S-08,100.0,0.0,0.0,0.0,0.0,0.0,0.0,มี.ค. 2025
S1-RCS-0147,SSA09S-09,100.0,0.0,0.0,0.0,0.0,0.0,0.0,มี.ค. 2025
S1-RCS-0148,RNB09S-08,100.0,0.0,0.0,0.0,0.0,0.0,0.0,มี.ค. 2025
S1-RCS-0149,RNB03S-10,100.0,0.0,0.0,0.0,0.0,0.0,0.0,มี.ค. 2025
S1-RCS-0150,RNA03S-11,100.0,0.0,0.0,0.0,0.0,0.0,0.0,มี.ค. 2025
S1-RCS-0151,RNA05S-11,100.0,0.0,0.0,0.0,0.0,0.0,0.0,มี.ค. 2025
S1-RCS-0152,RNA06S-05,100.0,0.0,0.0,0.0,0.0,0.0,0.0,มี.ค. 2025
S1-RCS-0153,RNA06S-12,100.0,0.0,0.0,0.0,0.0,0.0,0.0,มี.ค. 2025
S1-RCS-0154,RNB02S-08,100.0,0.0,0.0,0.0,0.0,0.0,0.0,มี.ค. 2025
S1-RCS-0155,RNB02S-16,100.0,0.0,0.0,0.0,0.0,0.0,0.0,มี.ค. 2025
S1-RCS-0156,CBN10S-10,100.0,0.0,0.0,0.0,0.0,0.0,0.0,มี.ค. 2025
S1-RCS-0157,HUB09S-04,100.0,0.0,0.0,0.0,0.0,0.0,0.0,มี.ค. 2025
S1-RCS-0158,RNB03S-06,100.0,0.0,0.0,0.0,0.0,0.0,0.0,มี.ค. 2025
S1-RCS-0159,RNB08S-15,100.0,0.0,0.0,0.0,0.0,0.0,0.0,มี.ค. 2025
S1-RCS-0160,KUA09S-09,100.0,0.0,0.0,0.0,0.0,0.0,0.0,มี.ค. 2025
S1-RCS-0161,CBN04S-23,100.0,0.0,0.0,0.0,0.0,0.0,0.0,มี.ค. 2025
S1-RCS-0162,RNB02S-13,100.0,0.0,0.0,0.0,0.0,0.0,0.0,มี.ค. 2025
S1-RCS-0163,BSR01S-09,100.0,0.0,0.0,0.0,0.0,0.0,0.0,มี.ค. 2025
S1-RCS-0164,RNB05S-19,100.0,0.0,0.0,0.0,0.0,0.0,0.0,มี.ค. 2025
S1-RCS-0165,RNB06S-04,100.0,0.0,0.0,0.0,0.0,0.0,0.0,มี.ค. 2025
S1-RCS-0166,RNB01S-15,100.0,0.0,0.0,0.0,0.0,0.0,0.0,มี.ค. 2025
S1-RCS-0167,RNB01S-16,100.0,0.0,0.0,0.0,0.0,0.0,0.0,มี.ค. 2025
S1-RCS-0168,RNB07S-08,100.0,0.0,0.0,0.0,0.0,0.0,0.0,มี.ค. 2025
S1-RCS-0169,RNB01S-14,100.0,0.0,0.0,0.0,0.0,0.0,0.0,มี.ค. 2025
S1-RCS-0170,RNB07S-15,100.0,0.0,0.0,0.0,0.0,0.0,0.0,มี.ค. 2025
S1-RCS-0171,RNB03S-17,100.0,0.0,0.0,0.0,0.0,0.0,0.0,มี.ค. 2025
S1-RCS-0172,RNB01S-04,100.0,0.0,0.0,0.0,0.0,0.0,0.0,มี.ค. 2025
S1-RCS-0173,RNB01S-07,100.0,0.0,0.0,0.0,0.0,0.0,0.0,มี.ค. 2025
S1-RCS-0174,RNA02S-05,100.0,0.0,0.0,0.0,0.0,0.0,0.0,มี.ค. 2025
S1-RCS-0175,SSA04S-10,100.0,0.0,0.0,0.0,0.0,0.0,0.0,มี.ค. 2025
S1-RCS-0176,SSA09S-12,100.0,0.0,0.0,0.0,0.0,0.0,0.0,มี.ค. 2025
S1-RCS-0177,HUB05S-52,100.0,0.0,0.0,0.0,0.0,0.0,0.0,มี.ค. 2025
S1-RCS-0178,HUB03S-51,100.0,0.0,0.0,0.0,0.0,0.0,0.0,มี.ค. 2025
S1-RCS-0179,SSA10S-08,100.0,0.0,0.0,0.0,0.0,0.0,0.0,มี.ค. 2025
S1-RCS-0180,HUB08S-12,100.0,0.0,0.0,0.0,0.0,0.0,0.0,มี.ค. 2025
S1-RCS-0181,SSA03S-04,100.0,0.0,0.0,0.0,0.0,0.0,0.0,มี.ค. 2025
S1-RCS-0182,HUB08S-10,100.0,0.0,0.0,0.0,0.0,0.0,0.0,มี.ค. 2025
S1-RCS-0183,DNA09S-07,100.0,0.0,0.0,0.0,0.0,0.0,0.0,มี.ค. 2025
S1-RCS-0184,HUC04S-06,100.0,0.0,0.0,0.0,0.0,0.0,0.0,มี.ค. 2025
S1-RCS-0185,PTR08S-12,100.0,0.0,0.0,0.0,0.0,0.0,0.0,มี.ค. 2025
S1-RCS-0186,PTS01S-10,100.0,0.0,0.0,0.0,0.0,0.0,0.0,มี.ค. 2025
S1-RCS-0187,PTH08S-04,100.0,0.0,0.0,0.0,0.0,0.0,0.0,มี.ค. 2025
S1-RCS-0188,KHZ03S-10,100.0,0.0,0.0,0.0,0.0,0.0,0.0,มี.ค. 2025
S1-RCS-0189,CPA10S-28,100.0,0.0,0.0,0.0,0.0,0.0,0.0,มี.ค. 2025
S1-RCS-0190,PNA08S-11,100.0,0.0,0.0,0.0,0.0,0.0,0.0,มี.ค. 2025
S1-RCS-0191,CPA04S-19,100.0,0.0,0.0,0.0,0.0,0.0,0.0,มี.ค. 2025
S1-RCS-0192,LSA07S-09,100.0,0.0,0.0,0.0,0.0,0.0,0.0,มี.ค. 2025
S1-RCS-0193,RBB03S-10,100.0,0.0,0.0,0.0,0.0,0.0,0.0,มี.ค. 2025
S1-RCS-0194,PBA08S-08,100.0,0.0,0.0,0.0,0.0,0.0,0.0,มี.ค. 2025
S1-RCS-0195,CAB05S-10,100.0,0.0,0.0,0.0,0.0,0.0,0.0,มี.ค. 2025
S1-RCS-0196,PNA08S-14,100.0,0.0,0.0,0.0,0.0,0.0,0.0,มี.ค. 2025
S1-RCS-0197,PNA10S-06,100.0,0.0,0.0,0.0,0.0,0.0,0.0,มี.ค. 2025
S1-RCS-0198,PNA02S-13,100.0,0.0,0.0,0.0,0.0,0.0,0.0,มี.ค. 2025
S1-RCS-0199,PDA03S-09,100.0,0.0,0.0,0.0,0.0,0.0,0.0,มี.ค. 2025
S1-RCS-0200,KUA07s-07,100.0,0.0,0.0,0.0,0.0,0.0,0.0,มี.ค. 2025
S1-RCS-0201,CPB09S-10,100.0,0.0,0.0,0.0,0.0,0.0,0.0,มี.ค. 2025
S1-RCS-0202,PNA02S-05,100.0,0.0,0.0,0.0,0.0,0.0,0.0,มี.ค. 2025
S1-RCS-0203,CPA01S-06,100.0,0.0,0.0,0.0,0.0,0.0,0.0,มี.ค. 2025
S1-RCS-0204,BSP05S-17,100.0,0.0,0.0,0.0,0.0,0.0,0.0,มี.ค. 2025
S1-RCS-0205,PTH07S-04,100.0,0.0,0.0,0.0,0.0,0.0,0.0,มี.ค. 2025
S1-RCS-0206,PBA09S-15,100.0,0.0,0.0,0.0,0.0,0.0,0.0,มี.ค. 2025
S1-RCS-0207,CPA09S-14,100.0,0.0,0.0,0.0,0.0,0.0,0.0,มี.ค. 2025
S1-RCS-0208,LSA04S-12,100.0,0.0,0.0,0.0,0.0,0.0,0.0,มี.ค. 2025
S1-RCS-0209,XPA02S-03,100.0,0.0,0.0,0.0,0.0,0.0,0.0,มี.ค. 2025
S1-RCS-0210,CBN05S-08,100.0,0.0,0.0,0.0,0.0,0.0,0.0,มี.ค. 2025
S1-RCS-0211,DNA06S-05,100.0,0.0,0.0,0.0,0.0,0.0,0.0,มี.ค. 2025
S1-RCS-0212,DNA06S-04,100.0,0.0,0.0,0.0,0.0,0.0,0.0,มี.ค. 2025
S1-RCS-0213,PBB04S-09,100.0,0.0,0.0,0.0,0.0,0.0,0.0,มี.ค. 2025
S1-RCS-0214,PBA09S-12,100.0,0.0,0.0,0.0,0.0,0.0,0.0,มี.ค. 2025
S1-RCS-0215,PBA10S-14,100.0,0.0,0.0,0.0,0.0,0.0,0.0,มี.ค. 2025
S1-RCS-0216,PTH02S-08,100.0,0.0,0.0,0.0,0.0,0.0,0.0,มี.ค. 2025
S1-RCS-0217,PTR05S-07,100.0,0.0,0.0,0.0,0.0,0.0,0.0,มี.ค. 2025
S1-RCS-0218,SSA03S-16,100.0,0.0,0.0,0.0,0.0,0.0,0.0,มี.ค. 2025
S1-RCS-0219,PBB03S-05,100.0,0.0,0.0,0.0,0.0,0.0,0.0,มี.ค. 2025
S1-RCS-0220,RBA03S-12,100.0,0.0,0.0,0.0,0.0,0.0,0.0,มี.ค. 2025
S1-RCS-0221,KUA10S-04,100.0,0.0,0.0,0.0,0.0,0.0,0.0,มี.ค. 2025
S1-RCS-0222,KHY08S-09,100.0,0.0,0.0,0.0,0.0,0.0,0.0,มี.ค. 2025
S1-RCS-0223,KHY04S-12,100.0,0.0,0.0,0.0,0.0,0.0,0.0,มี.ค. 2025
S1-RCS-0224,KHY09S-05,100.0,0.0,0.0,0.0,0.0,0.0,0.0,มี.ค. 2025
S1-RCS-0225,RBB07S-10,100.0,0.0,0.0,0.0,0.0,0.0,0.0,มี.ค. 2025
S1-RCS-0226,RBA03S-11,100.0,0.0,0.0,0.0,0.0,0.0,0.0,มี.ค. 2025
S1-RCS-0227,RBC05S-14,100.0,0.0,0.0,0.0,0.0,0.0,0.0,มี.ค. 2025
S1-RCS-0228,SSA05S-04,100.0,0.0,0.0,0.0,0.0,0.0,0.0,มี.ค. 2025
S1-RCS-0229,RBC04S-04,100.0,0.0,0.0,0.0,0.0,0.0,0.0,มี.ค. 2025
S1-RCS-0230,RBB09S-12,100.0,0.0,0.0,0.0,0.0,0.0,0.0,มี.ค. 2025
S1-RCS-0231,BSP10S-09,100.0,0.0,0.0,0.0,0.0,0.0,0.0,มี.ค. 2025
S1-RCS-0232,BSR10S-06,100.0,0.0,0.0,0.0,0.0,0.0,0.0,มี.ค. 2025
S1-RCS-0233,SSA10S-06,100.0,0.0,0.0,0.0,0.0,0.0,0.0,มี.ค. 2025
S1-RCS-0234,PNA10S-13,100.0,0.0,0.0,0.0,0.0,0.0,0.0,มี.ค. 2025
S1-RCS-0235,PNA09S-06,100.0,0.0,0.0,0.0,0.0,0.0,0.0,มี.ค. 2025
S1-RCS-0236,PTH10S-07,100.0,0.0,0.0,0.0,0.0,0.0,0.0,มี.ค. 2025
S1-RCS-0237,PTH08S-08,100.0,0.0,0.0,0.0,0.0,0.0,0.0,มี.ค. 2025
S1-RCS-0238,PTH05S-07,100.0,0.0,0.0,0.0,0.0,0.0,0.0,มี.ค. 2025
S1-RCS-0239,DNA05S-15,100.0,0.0,0.0,0.0,0.0,0.0,0.0,มี.ค. 2025
S1-RCS-0240,DNA04S-06,100.0,0.0,0.0,0.0,0.0,0.0,0.0,มี.ค. 2025
S1-RCS-0241,DNA10S-04,100.0,0.0,0.0,0.0,0.0,0.0,0.0,มี.ค. 2025
S1-RCS-0242,KHZ01S-24,100.0,0.0,0.0,0.0,0.0,0.0,0.0,มี.ค. 2025
S1-RCS-0243,PTH01S-16,100.0,0.0,0.0,0.0,0.0,0.0,0.0,มี.ค. 2025
S1-RCS-0244,PTH02S-13,100.0,0.0,0.0,0.0,0.0,0.0,0.0,มี.ค. 2025
S1-RCS-0247,HUB09S-03,100.0,0.0,0.0,0.0,0.0,0.0,0.0,มี.ค. 2025
S1-RCS-0248,HUC01S-05,100.0,0.0,0.0,0.0,0.0,0.0,0.0,มี.ค. 2025
S1-RCS-0249,HUC04S-05,100.0,0.0,0.0,0.0,0.0,0.0,0.0,มี.ค. 2025
S1-RCS-0250,CAB09S-12,100.0,0.0,0.0,0.0,0.0,0.0,0.0,มี.ค. 2025
S1-RCS-0251,CAA09S-07,100.0,0.0,0.0,0.0,0.0,0.0,0.0,มี.ค. 2025
S1-RCS-0252,CAB04S-09,100.0,0.0,0.0,0.0,0.0,0.0,0.0,มี.ค. 2025
S1-RCS-0253,CAB05S-11,100.0,0.0,0.0,0.0,0.0,0.0,0.0,มี.ค. 2025
S1-RCS-0254,PBA04S-25,100.0,0.0,0.0,0.0,0.0,0.0,0.0,มี.ค. 2025
S1-RCS-0255,HUB03S-03,100.0,0.0,0.0,0.0,0.0,0.0,0.0,มี.ค. 2025
S1-RCS-0256,HUB03S-05,100.0,0.0,0.0,0.0,0.0,0.0,0.0,มี.ค. 2025
S1-RCS-0257,HUB03S-07,100.0,0.0,0.0,0.0,0.0,0.0,0.0,มี.ค. 2025
S1-RCS-0258,HUB03S-15,100.0,0.0,0.0,0.0,0.0,0.0,0.0,มี.ค. 2025
S1-RCS-0259,HUB03S-09,100.0,0.0,0.0,0.0,0.0,0.0,0.0,มี.ค. 2025
S1-RCS-0260,HUB03S-17,100.0,0.0,0.0,0.0,0.0,0.0,0.0,มี.ค. 2025
S1-RCS-0261,HUB03S-20,100.0,0.0,0.0,0.0,0.0,0.0,0.0,มี.ค. 2025
S1-RCS-0262,HUB03S-50,100.0,0.0,0.0,0.0,0.0,0.0,0.0,มี.ค. 2025
S1-RCS-0263,HUB04S-04,100.0,0.0,0.0,0.0,0.0,0.0,0.0,มี.ค. 2025
S1-RCS-0264,HUB04S-05,100.0,0.0,0.0,0.0,0.0,0.0,0.0,มี.ค. 2025
S1-RCS-0265,HUB04S-06,100.0,0.0,0.0,0.0,0.0,0.0,0.0,มี.ค. 2025
S1-RCS-0266,HUB05S-13,100.0,0.0,0.0,0.0,0.0,0.0,0.0,มี.ค. 2025
S1-RCS-0267,HUB04S-07,100.0,0.0,0.0,0.0,0.0,0.0,0.0,มี.ค. 2025
S1-RCS-0268,HUB04S-08,100.0,0.0,0.0,0.0,0.0,0.0,0.0,มี.ค. 2025
S1-RCS-0269,HUB04S-12,100.0,0.0,0.0,0.0,0.0,0.0,0.0,มี.ค. 2025
S1-RCS-0270,HUB05S-05,100.0,0.0,0.0,0.0,0.0,0.0,0.0,มี.ค. 2025
S1-RCS-0271,HUB05S-06,100.0,0.0,0.0,0.0,0.0,0.0,0.0,มี.ค. 2025
S1-RCS-0272,HUB05S-10,100.0,0.0,0.0,0.0,0.0,0.0,0.0,มี.ค. 2025
S1-RCS-0273,HUB05S-11,100.0,0.0,0.0,0.0,0.0,0.0,0.0,มี.ค. 2025
S1-RCS-0274,HUB05S-12,100.0,0.0,0.0,0.0,0.0,0.0,0.0,มี.ค. 2025
S1-RCS-0275,HUB08S-05,100.0,0.0,0.0,0.0,0.0,0.0,0.0,มี.ค. 2025
S1-RCS-0276,HUB08S-13,100.0,0.0,0.0,0.0,0.0,0.0,0.0,มี.ค. 2025
S1-RCS-0277,HUB08S-15,100.0,0.0,0.0,0.0,0.0,0.0,0.0,มี.ค. 2025
S1-RCS-0278,HUB08S-16,100.0,0.0,0.0,0.0,0.0,0.0,0.0,มี.ค. 2025
S1-RCS-0279,HUB08S-17,100.0,0.0,0.0,0.0,0.0,0.0,0.0,มี.ค. 2025
S1-RCS-0280,HUC02S-14,100.0,0.0,0.0,0.0,0.0,0.0,0.0,มี.ค. 2025
S1-RCS-0281,HUB09S-05,100.0,0.0,0.0,0.0,0.0,0.0,0.0,มี.ค. 2025
S1-RCS-0282,HUB10S-04,100.0,0.0,0.0,0.0,0.0,0.0,0.0,มี.ค. 2025
S1-RCS-0283,HUB10S-06,100.0,0.0,0.0,0.0,0.0,0.0,0.0,มี.ค. 2025
S1-RCS-0284,HUC05S-14,100.0,0.0,0.0,0.0,0.0,0.0,0.0,มี.ค. 2025
S1-RCS-0285,HUC02S-06,100.0,0.0,0.0,0.0,0.0,0.0,0.0,มี.ค. 2025
S1-RCS-0286,HUC02S-13,100.0,0.0,0.0,0.0,0.0,0.0,0.0,มี.ค. 2025
S1-RCS-0287,HUC02S-17,100.0,0.0,0.0,0.0,0.0,0.0,0.0,มี.ค. 2025
S1-RCS-0288,HUC03S-03,100.0,0.0,0.0,0.0,0.0,0.0,0.0,มี.ค. 2025
S1-RCS-0289,HUC03S-05,100.0,0.0,0.0,0.0,0.0,0.0,0.0,มี.ค. 2025
S1-RCS-0290,HUC03S-13,100.0,0.0,0.0,0.0,0.0,0.0,0.0,มี.ค. 2025
S1-RCS-0291,HUC03S-17,100.0,0.0,0.0,0.0,0.0,0.0,0.0,มี.ค. 2025
S1-RCS-0292,HUB03S-04,100.0,0.0,0.0,0.0,0.0,0.0,0.0,มี.ค. 2025
S1-RCS-0293,HUC03S-19,100.0,0.0,0.0,0.0,0.0,0.0,0.0,มี.ค. 2025
S1-RCS-0294,HUC04S-07,100.0,0.0,0.0,0.0,0.0,0.0,0.0,มี.ค. 2025
S1-RCS-0295,HUC04S-10,100.0,0.0,0.0,0.0,0.0,0.0,0.0,มี.ค. 2025
S1-RCS-0296,HUC04S-11,100.0,0.0,0.0,0.0,0.0,0.0,0.0,มี.ค. 2025
S1-RCS-0297,HUC04S-13,100.0,0.0,0.0,0.0,0.0,0.0,0.0,มี.ค. 2025
S1-RCS-0298,HUC05S-05,100.0,0.0,0.0,0.0,0.0,0.0,0.0,มี.ค. 2025
S1-RCS-0299,HUC05S-06,100.0,0.0,0.0,0.0,0.0,0.0,0.0,มี.ค. 2025
S1-RCS-0300,HUC05S-08,100.0,0.0,0.0,0.0,0.0,0.0,0.0,มี.ค. 2025
S1-RCS-0301,HUC05S-09,100.0,0.0,0.0,0.0,0.0,0.0,0.0,มี.ค. 2025
S1-RCS-0302,CAA08S-08,100.0,0.0,0.0,0.0,0.0,0.0,0.0,มี.ค. 2025
S1-RCS-0303,HUC09S-05,100.0,0.0,0.0,0.0,0.0,0.0,0.0,มี.ค. 2025
S1-RCS-0304,HUC05S-13,100.0,0.0,0.0,0.0,0.0,0.0,0.0,มี.ค. 2025
S1-RCS-0305,HUC09S-06,100.0,0.0,0.0,0.0,0.0,0.0,0.0,มี.ค. 2025
S1-RCS-0306,HUC05S-51,100.0,0.0,0.0,0.0,0.0,0.0,0.0,มี.ค. 2025
S1-RCS-0307,HUB04S-13,100.0,0.0,0.0,0.0,0.0,0.0,0.0,มี.ค. 2025
S1-RCS-0308,HUC05S-15,100.0,0.0,0.0,0.0,0.0,0.0,0.0,มี.ค. 2025
S1-RCS-0309,PNA07S-18,100.0,0.0,0.0,0.0,0.0,0.0,0.0,มี.ค. 2025
S1-RCS-0310,HUB05S-08,100.0,0.0,0.0,0.0,0.0,0.0,0.0,มี.ค. 2025
S1-RCS-0311,CAA04S-13,100.0,0.0,0.0,0.0,0.0,0.0,0.0,มี.ค. 2025
S1-RCS-0316,LSA07S-12,100.0,0.0,0.0,0.0,0.0,0.0,0.0,มี.ค. 2025
S1-RCS-0317,LSA01S-10,100.0,0.0,0.0,0.0,0.0,0.0,0.0,มี.ค. 2025
S1-RCS-0321,LSA02S-17,100.0,0.0,0.0,0.0,0.0,0.0,0.0,มี.ค. 2025
S1-RCS-0322,CPA04S-21,100.0,0.0,0.0,0.0,0.0,0.0,0.0,มี.ค. 2025
S1-RCS-0323,TSE10S-21,100.0,0.0,0.0,0.0,0.0,0.0,0.0,มี.ค. 2025
S1-RCS-0324,TSE06S-05,100.0,0.0,0.0,0.0,0.0,0.0,0.0,มี.ค. 2025
S1-RCS-0325,TSE06S-06,100.0,0.0,0.0,0.0,0.0,0.0,0.0,มี.ค. 2025
S1-RCS-0326,TSE06S-20,100.0,0.0,0.0,0.0,0.0,0.0,0.0,มี.ค. 2025
S1-RCS-0350,PNA10S-09,100.0,0.0,0.0,0.0,0.0,0.0,0.0,มี.ค. 2025
S1-RCS-0358,DNA05S-16,100.0,0.0,0.0,0.0,0.0,0.0,0.0,มี.ค. 2025
S1-RCS-0363,SSA04S-14,100.0,0.0,0.0,0.0,0.0,0.0,0.0,มี.ค. 2025
S1-RCS-0365,LSA07S-26,100.0,0.0,0.0,0.0,0.0,0.0,0.0,มี.ค. 2025
S1-RCS-0366,XPA01S-12,100.0,0.0,0.0,0.0,0.0,0.0,0.0,มี.ค. 2025
S1-RCS-0367,XPA02S-15,100.0,0.0,0.0,0.0,0.0,0.0,0.0,มี.ค. 2025
S1-RCS-0368,XPA02S-13,100.0,0.0,0.0,0.0,0.0,0.0,0.0,มี.ค. 2025
S1-RCS-0370,RNA01S-11,100.0,0.0,0.0,0.0,0.0,0.0,0.0,มี.ค. 2025
S1-RCS-0371,RNA04S-18,100.0,0.0,0.0,0.0,0.0,0.0,0.0,มี.ค. 2025
S1-RCS-0374,RBB08S-17,100.0,0.0,0.0,0.0,0.0,0.0,0.0,มี.ค. 2025
S1-RCS-0375,PBA06S-35,100.0,0.0,0.0,0.0,0.0,0.0,0.0,มี.ค. 2025
S1-RCS-0376,HUU03S-12,100.0,0.0,0.0,0.0,0.0,0.0,0.0,มี.ค. 2025
S1-RCS-0377,TSE05S-04,100.0,0.0,0.0,0.0,0.0,0.0,0.0,มี.ค. 2025
S1-RCS-0378,LSA03S-13,100.0,0.0,0.0,0.0,0.0,0.0,0.0,มี.ค. 2025
S1-RCS-0379,LSA09S-15,100.0,0.0,0.0,0.0,0.0,0.0,0.0,มี.ค. 2025
S1-RCS-0380,LSA10S-22,100.0,0.0,0.0,0.0,0.0,0.0,0.0,มี.ค. 2025
S1-RCS-0381,CPA08S-06,100.0,0.0,0.0,0.0,0.0,0.0,0.0,มี.ค. 2025
S1-RCS-0382,XPA04S-20,100.0,0.0,0.0,0.0,0.0,0.0,0.0,มี.ค. 2025
S1-RCS-0383,XPA01S-13,100.0,0.0,0.0,0.0,0.0,0.0,0.0,มี.ค. 2025
S1-RCS-0384,PTH04S-27,100.0,0.0,0.0,0.0,0.0,0.0,0.0,มี.ค. 2025
S1-RCS-0391,DNA06S-08,100.0,0.0,0.0,0.0,0.0,0.0,0.0,มี.ค. 2025
S1-RCS-0395,PTH06S-03,100.0,0.0,0.0,0.0,0.0,0.0,0.0,มี.ค. 2025
S1-RCS-0396,LSA08S-16,100.0,0.0,0.0,0.0,0.0,0.0,0.0,มี.ค. 2025
S1-RCS-0397,CBN03S-20,100.0,0.0,0.0,0.0,0.0,0.0,0.0,มี.ค. 2025
S1-RCS-0399,PTH01S-31,100.0,0.0,0.0,0.0,0.0,0.0,0.0,มี.ค. 2025
S1-RCS-0401,SSA05S-05,100.0,0.0,0.0,0.0,0.0,0.0,0.0,มี.ค. 2025
S1-RCS-0402,SSA10S-22,100.0,0.0,0.0,0.0,0.0,0.0,0.0,มี.ค. 2025
S1-RCS-0403,PTS07S-18,100.0,0.0,0.0,0.0,0.0,0.0,0.0,มี.ค. 2025
S1-RCS-0404,DNA06S-06,100.0,0.0,0.0,0.0,0.0,0.0,0.0,มี.ค. 2025
S1-RCS-0405,PTS05S-12,100.0,0.0,0.0,0.0,0.0,0.0,0.0,มี.ค. 2025
S1-RCS-0406,RBB07S-13,100.0,0.0,0.0,0.0,0.0,0.0,0.0,มี.ค. 2025
S1-RCS-0407,CBN10S-11,100.0,0.0,0.0,0.0,0.0,0.0,0.0,มี.ค. 2025
S1-RCS-0408,PTH04S-29,100.0,0.0,0.0,0.0,0.0,0.0,0.0,มี.ค. 2025
S1-RCS-0409,CPA10S-26,100.0,0.0,0.0,0.0,0.0,0.0,0.0,มี.ค. 2025
S1-RCS-0412,LSA01S-28,100.0,0.0,0.0,0.0,0.0,0.0,0.0,มี.ค. 2025
S1-RCS-0413,XPA04S-15,100.0,0.0,0.0,0.0,0.0,0.0,0.0,มี.ค. 2025
S1-RCS-0414,BSR02S-13,100.0,0.0,0.0,0.0,0.0,0.0,0.0,มี.ค. 2025
S1-RCS-0415,KDA03S-05,100.0,0.0,0.0,0.0,0.0,0.0,0.0,มี.ค. 2025
S1-RCS-0416,RNB08S-09,100.0,0.0,0.0,0.0,0.0,0.0,0.0,มี.ค. 2025
S1-RCS-0417,LSA02S-16,100.0,0.0,0.0,0.0,0.0,0.0,0.0,มี.ค. 2025
S1-RCS-0418,RNB04S-12,100.0,0.0,0.0,0.0,0.0,0.0,0.0,มี.ค. 2025
S1-RCS-0419,RNA06S-07,100.0,0.0,0.0,0.0,0.0,0.0,0.0,มี.ค. 2025
S1-RCS-0420,RBC03S-06,100.0,0.0,0.0,0.0,0.0,0.0,0.0,มี.ค. 2025
S1-RCS-0421,RBC03S-11,100.0,0.0,0.0,0.0,0.0,0.0,0.0,มี.ค. 2025
S1-RCS-0500,CAA03S-08,100.0,0.0,0.0,0.0,0.0,0.0,0.0,มี.ค. 2025
S1-RCS-0501,CAB06S-04,100.0,0.0,0.0,0.0,0.0,0.0,0.0,มี.ค. 2025
S1-RCS-0502,CAB06S-05,100.0,0.0,0.0,0.0,0.0,0.0,0.0,มี.ค. 2025
S1-RCS-0503,CAA09S-08,100.0,0.0,0.0,0.0,0.0,0.0,0.0,มี.ค. 2025
S1-RCS-0504,CAB09S-50,100.0,0.0,0.0,0.0,0.0,0.0,0.0,มี.ค. 2025
S1-RCS-0505,CAB09S-04,100.0,0.0,0.0,0.0,0.0,0.0,0.0,มี.ค. 2025
S1-RCS-0506,CAB10S-10,100.0,0.0,0.0,0.0,0.0,0.0,0.0,มี.ค. 2025
S1-RCS-0507,CBN03S-10,100.0,0.0,0.0,0.0,0.0,0.0,0.0,มี.ค. 2025
S1-RCS-0508,CBN10S-09,100.0,0.0,0.0,0.0,0.0,0.0,0.0,มี.ค. 2025
S1-RCS-0509,CBN04S-07,100.0,0.0,0.0,0.0,0.0,0.0,0.0,มี.ค. 2025
S1-RCS-0510,CBN04S-08,100.0,0.0,0.0,0.0,0.0,0.0,0.0,มี.ค. 2025
S1-RCS-0511,CBN10S-26,100.0,0.0,0.0,0.0,0.0,0.0,0.0,มี.ค. 2025
S1-RCS-0512,CBN04S-20,100.0,0.0,0.0,0.0,0.0,0.0,0.0,มี.ค. 2025
S1-RCS-0513,CBN03S-15,100.0,0.0,0.0,0.0,0.0,0.0,0.0,มี.ค. 2025
S1-RCS-0514,CBN09S-09,100.0,0.0,0.0,0.0,0.0,0.0,0.0,มี.ค. 2025
S1-RCS-0515,CPB09S-05,100.0,0.0,0.0,0.0,0.0,0.0,0.0,มี.ค. 2025
S1-RCS-0516,CPA01S-25,100.0,0.0,0.0,0.0,0.0,0.0,0.0,มี.ค. 2025
S1-RCS-0517,CAB02S-06,100.0,0.0,0.0,0.0,0.0,0.0,0.0,มี.ค. 2025
S1-RCS-0518,CAB07S-09,100.0,0.0,0.0,0.0,0.0,0.0,0.0,มี.ค. 2025
S1-RCS-0519,KUA04S-07,100.0,0.0,0.0,0.0,0.0,0.0,0.0,มี.ค. 2025
S1-RCS-0520,KUA07S-04,100.0,0.0,0.0,0.0,0.0,0.0,0.0,มี.ค. 2025
S1-RCS-0521,RBB08S-13,100.0,0.0,0.0,0.0,0.0,0.0,0.0,มี.ค. 2025
S1-RCS-0522,KHZ01S-08,100.0,0.0,0.0,0.0,0.0,0.0,0.0,มี.ค. 2025
S1-RCS-0523,KHY10S-04,100.0,0.0,0.0,0.0,0.0,0.0,0.0,มี.ค. 2025
S1-RCS-0524,PBA03S-21,100.0,0.0,0.0,0.0,0.0,0.0,0.0,มี.ค. 2025
S1-RCS-0525,PBA03S-17,100.0,0.0,0.0,0.0,0.0,0.0,0.0,มี.ค. 2025
S1-RCS-0526,PBA04S-19,100.0,0.0,0.0,0.0,0.0,0.0,0.0,มี.ค. 2025
S1-RCS-0527,PBA04S-07,100.0,0.0,0.0,0.0,0.0,0.0,0.0,มี.ค. 2025
S1-RCS-0528,PBA08S-10,100.0,0.0,0.0,0.0,0.0,0.0,0.0,มี.ค. 2025
S1-RCS-0529,PTR07S-14,100.0,0.0,0.0,0.0,0.0,0.0,0.0,มี.ค. 2025
S1-RCS-0530,PTR08S-08,100.0,0.0,0.0,0.0,0.0,0.0,0.0,มี.ค. 2025
S1-RCS-0531,PTR09S-05,100.0,0.0,0.0,0.0,0.0,0.0,0.0,มี.ค. 2025
S1-RCS-0532,PTS05S-09,100.0,0.0,0.0,0.0,0.0,0.0,0.0,มี.ค. 2025
S1-RCS-0533,PTR04S-11,100.0,0.0,0.0,0.0,0.0,0.0,0.0,มี.ค. 2025
S1-RCS-0534,PTR04S-10,100.0,0.0,0.0,0.0,0.0,0.0,0.0,มี.ค. 2025
S1-RCS-0535,PTR07S-06,100.0,0.0,0.0,0.0,0.0,0.0,0.0,มี.ค. 2025
S1-RCS-0536,PTR04S-15,100.0,0.0,0.0,0.0,0.0,0.0,0.0,มี.ค. 2025
S1-RCS-0537,PTR07S-04,100.0,0.0,0.0,0.0,0.0,0.0,0.0,มี.ค. 2025
S1-RCS-0538,PTR01S-07,100.0,0.0,0.0,0.0,0.0,0.0,0.0,มี.ค. 2025
S1-RCS-0539,PTR01S-10,100.0,0.0,0.0,0.0,0.0,0.0,0.0,มี.ค. 2025
S1-RCS-0540,PTR06S-05,100.0,0.0,0.0,0.0,0.0,0.0,0.0,มี.ค. 2025
S1-RCS-0541,PTR02S-10,100.0,0.0,0.0,0.0,0.0,0.0,0.0,มี.ค. 2025
S1-RCS-0542,PTS09S-08,100.0,0.0,0.0,0.0,0.0,0.0,0.0,มี.ค. 2025
S1-RCS-0543,PTS07S-13,100.0,0.0,0.0,0.0,0.0,0.0,0.0,มี.ค. 2025
S1-RCS-0544,PTS09S-20,100.0,0.0,0.0,0.0,0.0,0.0,0.0,มี.ค. 2025
S1-RCS-0545,PTS09S-12,100.0,0.0,0.0,0.0,0.0,0.0,0.0,มี.ค. 2025
S1-RCS-0546,PTS02S-06,100.0,0.0,0.0,0.0,0.0,0.0,0.0,มี.ค. 2025
S1-RCS-0547,PTS01S-06,100.0,0.0,0.0,0.0,0.0,0.0,0.0,มี.ค. 2025
S1-RCS-0548,PTS05S-11,100.0,0.0,0.0,0.0,0.0,0.0,0.0,มี.ค. 2025
S1-RCS-0549,KUA04S-06,100.0,0.0,0.0,0.0,0.0,0.0,0.0,มี.ค. 2025
S1-RCS-0550,KUA05S-12,100.0,0.0,0.0,0.0,0.0,0.0,0.0,มี.ค. 2025
S1-RCS-0551,KUA04S-08,100.0,0.0,0.0,0.0,0.0,0.0,0.0,มี.ค. 2025
S1-RCS-0552,KUA09S-06,100.0,0.0,0.0,0.0,0.0,0.0,0.0,มี.ค. 2025
S1-RCS-0553,CPA04S-10,100.0,0.0,0.0,0.0,0.0,0.0,0.0,มี.ค. 2025
S1-RCS-0554,CPA10S-21,100.0,0.0,0.0,0.0,0.0,0.0,0.0,มี.ค. 2025
S1-RCS-0555,XPA04S-22,100.0,0.0,0.0,0.0,0.0,0.0,0.0,มี.ค. 2025
S1-RCS-0556,BSP04S-15,100.0,0.0,0.0,0.0,0.0,0.0,0.0,มี.ค. 2025
S1-RCS-0557,BSP05S-15,100.0,0.0,0.0,0.0,0.0,0.0,0.0,มี.ค. 2025
S1-RCS-0558,BSP04S-09,100.0,0.0,0.0,0.0,0.0,0.0,0.0,มี.ค. 2025
S1-RCS-0559,BSR06S-06,100.0,0.0,0.0,0.0,0.0,0.0,0.0,มี.ค. 2025
S1-RCS-0560,BSR09S-10,100.0,0.0,0.0,0.0,0.0,0.0,0.0,มี.ค. 2025
S1-RCS-0561,BSR09S-06,100.0,0.0,0.0,0.0,0.0,0.0,0.0,มี.ค. 2025
S1-RCS-0562,BSP07S-10,100.0,0.0,0.0,0.0,0.0,0.0,0.0,มี.ค. 2025
S1-RCS-0563,BSP05S-11,100.0,0.0,0.0,0.0,0.0,0.0,0.0,มี.ค. 2025
S1-RCS-0564,BSP10S-06,100.0,0.0,0.0,0.0,0.0,0.0,0.0,มี.ค. 2025
S1-RCS-0565,BSP05S-08,100.0,0.0,0.0,0.0,0.0,0.0,0.0,มี.ค. 2025
S1-RCS-0566,BSP10S-14,100.0,0.0,0.0,0.0,0.0,0.0,0.0,มี.ค. 2025
S1-RCS-0567,BSR09S-14,100.0,0.0,0.0,0.0,0.0,0.0,0.0,มี.ค. 2025
S1-RCS-0568,BSR02S-10,100.0,0.0,0.0,0.0,0.0,0.0,0.0,มี.ค. 2025
S1-RCS-0569,BSR07S-18,100.0,0.0,0.0,0.0,0.0,0.0,0.0,มี.ค. 2025
S1-RCS-0570,BSR07S-20,100.0,0.0,0.0,0.0,0.0,0.0,0.0,มี.ค. 2025
S1-RCS-0571,BSR02S-21,100.0,0.0,0.0,0.0,0.0,0.0,0.0,มี.ค. 2025
S1-RCS-0572,BSR07S-11,100.0,0.0,0.0,0.0,0.0,0.0,0.0,มี.ค. 2025
S1-RCS-0573,CAB02S-04,100.0,0.0,0.0,0.0,0.0,0.0,0.0,มี.ค. 2025
S1-RCS-0574,CAA09S-10,100.0,0.0,0.0,0.0,0.0,0.0,0.0,มี.ค. 2025
S1-RCS-0575,CAA05S-07,100.0,0.0,0.0,0.0,0.0,0.0,0.0,มี.ค. 2025
S1-RCS-0576,CAB10S-22,100.0,0.0,0.0,0.0,0.0,0.0,0.0,มี.ค. 2025
S1-RCS-0577,CAB05S-16,100.0,0.0,0.0,0.0,0.0,0.0,0.0,มี.ค. 2025
S1-RCS-0578,CAC08S-04,100.0,0.0,0.0,0.0,0.0,0.0,0.0,มี.ค. 2025
S1-RCS-0579,CAC01S-04,100.0,0.0,0.0,0.0,0.0,0.0,0.0,มี.ค. 2025
S1-RCS-0580,CAB07S-04,100.0,0.0,0.0,0.0,0.0,0.0,0.0,มี.ค. 2025
S1-RCS-0581,CBN03S-08,100.0,0.0,0.0,0.0,0.0,0.0,0.0,มี.ค. 2025
S1-RCS-0582,CBN04S-17,100.0,0.0,0.0,0.0,0.0,0.0,0.0,มี.ค. 2025
S1-RCS-0583,CBN02S-04,100.0,0.0,0.0,0.0,0.0,0.0,0.0,มี.ค. 2025
S1-RCS-0584,XPA05S-09,100.0,0.0,0.0,0.0,0.0,0.0,0.0,มี.ค. 2025
S1-RCS-0585,XPA05S-10,100.0,0.0,0.0,0.0,0.0,0.0,0.0,มี.ค. 2025
S1-RCS-0586,XPA02S-08,100.0,0.0,0.0,0.0,0.0,0.0,0.0,มี.ค. 2025
S1-RCS-0587,XPA01S-05,100.0,0.0,0.0,0.0,0.0,0.0,0.0,มี.ค. 2025
S1-RCS-0588,XPA01S-03,100.0,0.0,0.0,0.0,0.0,0.0,0.0,มี.ค. 2025
S1-RCS-0589,TSE10S-08,100.0,0.0,0.0,0.0,0.0,0.0,0.0,มี.ค. 2025
S1-RCS-0590,TSE10S-06,100.0,0.0,0.0,0.0,0.0,0.0,0.0,มี.ค. 2025
S1-RCS-0591,TSE01S-07,100.0,0.0,0.0,0.0,0.0,0.0,0.0,มี.ค. 2025
S1-RCS-0592,CPB08S-09,100.0,0.0,0.0,0.0,0.0,0.0,0.0,มี.ค. 2025
S1-RCS-0593,CPB06S-04,100.0,0.0,0.0,0.0,0.0,0.0,0.0,มี.ค. 2025
S1-RCS-0594,CPB08S-05,100.0,0.0,0.0,0.0,0.0,0.0,0.0,มี.ค. 2025
S1-RCS-0595,CPB07S-18,100.0,0.0,0.0,0.0,0.0,0.0,0.0,มี.ค. 2025
S1-RCS-0596,CPB08S-15,100.0,0.0,0.0,0.0,0.0,0.0,0.0,มี.ค. 2025
S1-RCS-0597,TSE05S-17,100.0,0.0,0.0,0.0,0.0,0.0,0.0,มี.ค. 2025
S1-RCS-0598,CPA06S-38,100.0,0.0,0.0,0.0,0.0,0.0,0.0,มี.ค. 2025
S1-RCS-0599,CPA07S-13,100.0,0.0,0.0,0.0,0.0,0.0,0.0,มี.ค. 2025
S1-RCS-0600,CPA07S-09,100.0,0.0,0.0,0.0,0.0,0.0,0.0,มี.ค. 2025
S1-RCS-0601,CPB10S-27,100.0,0.0,0.0,0.0,0.0,0.0,0.0,มี.ค. 2025
S1-RCS-0602,CPA01S-34,100.0,0.0,0.0,0.0,0.0,0.0,0.0,มี.ค. 2025
S1-RCS-0603,CPA06S-34,100.0,0.0,0.0,0.0,0.0,0.0,0.0,มี.ค. 2025
S1-RCS-0604,CPA01S-28,100.0,0.0,0.0,0.0,0.0,0.0,0.0,มี.ค. 2025
S1-RCS-0605,CPA03S-04,100.0,0.0,0.0,0.0,0.0,0.0,0.0,มี.ค. 2025
S1-RCS-0606,CPB09S-08,100.0,0.0,0.0,0.0,0.0,0.0,0.0,มี.ค. 2025
S1-RCS-0607,CPA03S-06,100.0,0.0,0.0,0.0,0.0,0.0,0.0,มี.ค. 2025
S1-RCS-0608,CPA06S-10,100.0,0.0,0.0,0.0,0.0,0.0,0.0,มี.ค. 2025
S1-RCS-0609,CPB08S-10,100.0,0.0,0.0,0.0,0.0,0.0,0.0,มี.ค. 2025
S1-RCS-0610,DNA01S-13,100.0,0.0,0.0,0.0,0.0,0.0,0.0,มี.ค. 2025
S1-RCS-0611,DNA10S-15,100.0,0.0,0.0,0.0,0.0,0.0,0.0,มี.ค. 2025
S1-RCS-0612,DNA07S-04,100.0,0.0,0.0,0.0,0.0,0.0,0.0,มี.ค. 2025
S1-RCS-0613,DNA10S-14,100.0,0.0,0.0,0.0,0.0,0.0,0.0,มี.ค. 2025
S1-RCS-0614,DNA10S-05,100.0,0.0,0.0,0.0,0.0,0.0,0.0,มี.ค. 2025
S1-RCS-0615,DNA04S-04,100.0,0.0,0.0,0.0,0.0,0.0,0.0,มี.ค. 2025
S1-RCS-0616,DNA09S-03,100.0,0.0,0.0,0.0,0.0,0.0,0.0,มี.ค. 2025
S1-RCS-0617,DNA05S-04,100.0,0.0,0.0,0.0,0.0,0.0,0.0,มี.ค. 2025
S1-RCS-0618,DNA09S-04,100.0,0.0,0.0,0.0,0.0,0.0,0.0,มี.ค. 2025
S1-RCS-0619,DNA08S-03,100.0,0.0,0.0,0.0,0.0,0.0,0.0,มี.ค. 2025
S1-RCS-0620,DNA08S-05,100.0,0.0,0.0,0.0,0.0,0.0,0.0,มี.ค. 2025
S1-RCS-0621,CAB01S-10,100.0,0.0,0.0,0.0,0.0,0.0,0.0,มี.ค. 2025
S1-RCS-0622,CAB07S-11,100.0,0.0,0.0,0.0,0.0,0.0,0.0,มี.ค. 2025
S1-RCS-0623,HUB01S-19,100.0,0.0,0.0,0.0,0.0,0.0,0.0,มี.ค. 2025
S1-RCS-0624,HUB01S-04,100.0,0.0,0.0,0.0,0.0,0.0,0.0,มี.ค. 2025
S1-RCS-0625,HUU01S-03,100.0,0.0,0.0,0.0,0.0,0.0,0.0,มี.ค. 2025
S1-RCS-0626,HUB07S-07,100.0,0.0,0.0,0.0,0.0,0.0,0.0,มี.ค. 2025
S1-RCS-0627,HUB07S-04,100.0,0.0,0.0,0.0,0.0,0.0,0.0,มี.ค. 2025
S1-RCS-0628,HUB04S-03,100.0,0.0,0.0,0.0,0.0,0.0,0.0,มี.ค. 2025
S1-RCS-0629,HUB02S-08,100.0,0.0,0.0,0.0,0.0,0.0,0.0,มี.ค. 2025
S1-RCS-0630,HUB06S-10,100.0,0.0,0.0,0.0,0.0,0.0,0.0,มี.ค. 2025
S1-RCS-0631,PNA05S-16,100.0,0.0,0.0,0.0,0.0,0.0,0.0,มี.ค. 2025
S1-RCS-0632,BSP04S-21,100.0,0.0,0.0,0.0,0.0,0.0,0.0,มี.ค. 2025
S1-RCS-0633,BSR01S-12,100.0,0.0,0.0,0.0,0.0,0.0,0.0,มี.ค. 2025
S1-RCS-0634,BSR02S-24,100.0,0.0,0.0,0.0,0.0,0.0,0.0,มี.ค. 2025
S1-RCS-0635,KUA08S-04,100.0,0.0,0.0,0.0,0.0,0.0,0.0,มี.ค. 2025
S1-RCS-0636,KUA10S-05,100.0,0.0,0.0,0.0,0.0,0.0,0.0,มี.ค. 2025
S1-RCS-0637,KUA09S-04,100.0,0.0,0.0,0.0,0.0,0.0,0.0,มี.ค. 2025
S1-RCS-0638,KUA04S-04,100.0,0.0,0.0,0.0,0.0,0.0,0.0,มี.ค. 2025
S1-RCS-0639,KUA02S-07,100.0,0.0,0.0,0.0,0.0,0.0,0.0,มี.ค. 2025
S1-RCS-0640,LSA10S-15,100.0,0.0,0.0,0.0,0.0,0.0,0.0,มี.ค. 2025
S1-RCS-0641,LSA09S-20,100.0,0.0,0.0,0.0,0.0,0.0,0.0,มี.ค. 2025
S1-RCS-0642,LSA04S-11,100.0,0.0,0.0,0.0,0.0,0.0,0.0,มี.ค. 2025
S1-RCS-0643,LSA04S-07,100.0,0.0,0.0,0.0,0.0,0.0,0.0,มี.ค. 2025
S1-RCS-0644,LSA04S-13,100.0,0.0,0.0,0.0,0.0,0.0,0.0,มี.ค. 2025
S1-RCS-0645,LSA07S-17,100.0,0.0,0.0,0.0,0.0,0.0,0.0,มี.ค. 2025
S1-RCS-0646,LSA07S-11,100.0,0.0,0.0,0.0,0.0,0.0,0.0,มี.ค. 2025
S1-RCS-0647,LSA08S-03,100.0,0.0,0.0,0.0,0.0,0.0,0.0,มี.ค. 2025
S1-RCS-0648,LSA02S-06,100.0,0.0,0.0,0.0,0.0,0.0,0.0,มี.ค. 2025
S1-RCS-0649,LSA01S-09,100.0,0.0,0.0,0.0,0.0,0.0,0.0,มี.ค. 2025
S1-RCS-0650,LSA08S-04,100.0,0.0,0.0,0.0,0.0,0.0,0.0,มี.ค. 2025
S1-RCS-0651,LSA01S-07,100.0,0.0,0.0,0.0,0.0,0.0,0.0,มี.ค. 2025
S1-RCS-0652,LSA02S-04,100.0,0.0,0.0,0.0,0.0,0.0,0.0,มี.ค. 2025
S1-RCS-0653,LSA06S-04,100.0,0.0,0.0,0.0,0.0,0.0,0.0,มี.ค. 2025
S1-RCS-0654,LSA06S-11,100.0,0.0,0.0,0.0,0.0,0.0,0.0,มี.ค. 2025
S1-RCS-0655,LSA03S-04,100.0,0.0,0.0,0.0,0.0,0.0,0.0,มี.ค. 2025
S1-RCS-0656,LSA10S-08,100.0,0.0,0.0,0.0,0.0,0.0,0.0,มี.ค. 2025
S1-RCS-0657,LSA04S-10,100.0,0.0,0.0,0.0,0.0,0.0,0.0,มี.ค. 2025
S1-RCS-0658,LSA10S-09,100.0,0.0,0.0,0.0,0.0,0.0,0.0,มี.ค. 2025
S1-RCS-0659,PNA07S-14,100.0,0.0,0.0,0.0,0.0,0.0,0.0,มี.ค. 2025
S1-RCS-0660,PTH04S-34,100.0,0.0,0.0,0.0,0.0,0.0,0.0,มี.ค. 2025
S1-RCS-0661,CBN08S-08,100.0,0.0,0.0,0.0,0.0,0.0,0.0,มี.ค. 2025
S1-RCS-0662,DNA05S-20,100.0,0.0,0.0,0.0,0.0,0.0,0.0,มี.ค. 2025
S1-RCS-0663,DNA05S-14,100.0,0.0,0.0,0.0,0.0,0.0,0.0,มี.ค. 2025
S1-RCS-0664,DNA09S-16,100.0,0.0,0.0,0.0,0.0,0.0,0.0,มี.ค. 2025
S1-RCS-0665,RBB09S-08,100.0,0.0,0.0,0.0,0.0,0.0,0.0,มี.ค. 2025
S1-RCS-0666,PTH04S-31,100.0,0.0,0.0,0.0,0.0,0.0,0.0,มี.ค. 2025
S1-RCS-0667,DNA05S-10,100.0,0.0,0.0,0.0,0.0,0.0,0.0,มี.ค. 2025
S1-RCS-0668,PTH06S-07,100.0,0.0,0.0,0.0,0.0,0.0,0.0,มี.ค. 2025
S1-RCS-0669,RBB08S-14,100.0,0.0,0.0,0.0,0.0,0.0,0.0,มี.ค. 2025
S1-RCS-0670,KHZ03S-20,100.0,0.0,0.0,0.0,0.0,0.0,0.0,มี.ค. 2025
S1-RCS-0671,DNA04S-09,100.0,0.0,0.0,0.0,0.0,0.0,0.0,มี.ค. 2025
S1-RCS-0672,DNA04S-15,100.0,0.0,0.0,0.0,0.0,0.0,0.0,มี.ค. 2025
S1-RCS-0673,RBB08S-15,100.0,0.0,0.0,0.0,0.0,0.0,0.0,มี.ค. 2025
S1-RCS-0674,PTH06S-14,100.0,0.0,0.0,0.0,0.0,0.0,0.0,มี.ค. 2025
S1-RCS-0675,SSA03S-19,100.0,0.0,0.0,0.0,0.0,0.0,0.0,มี.ค. 2025
S1-RCS-0676,SSA03S-17,100.0,0.0,0.0,0.0,0.0,0.0,0.0,มี.ค. 2025
S1-RCS-0677,SSA03S-15,100.0,0.0,0.0,0.0,0.0,0.0,0.0,มี.ค. 2025
S1-RCS-0678,PTH03S-19,100.0,0.0,0.0,0.0,0.0,0.0,0.0,มี.ค. 2025
S1-RCS-0679,PTH03S-06,100.0,0.0,0.0,0.0,0.0,0.0,0.0,มี.ค. 2025
S1-RCS-0680,PTH05S-05,100.0,0.0,0.0,0.0,0.0,0.0,0.0,มี.ค. 2025
S1-RCS-0681,PTH01S-17,100.0,0.0,0.0,0.0,0.0,0.0,0.0,มี.ค. 2025
S1-RCS-0682,PTH04S-33,100.0,0.0,0.0,0.0,0.0,0.0,0.0,มี.ค. 2025
S1-RCS-0683,KHY06S-12,100.0,0.0,0.0,0.0,0.0,0.0,0.0,มี.ค. 2025
S1-RCS-0684,KHY02S-08,100.0,0.0,0.0,0.0,0.0,0.0,0.0,มี.ค. 2025
S1-RCS-0685,KHY01S-17,100.0,0.0,0.0,0.0,0.0,0.0,0.0,มี.ค. 2025
S1-RCS-0686,PBA07S-30,100.0,0.0,0.0,0.0,0.0,0.0,0.0,มี.ค. 2025
S1-RCS-0687,PBA07S-28,100.0,0.0,0.0,0.0,0.0,0.0,0.0,มี.ค. 2025
S1-RCS-0688,PBA05S-15,100.0,0.0,0.0,0.0,0.0,0.0,0.0,มี.ค. 2025
S1-RCS-0689,KHY06S-13,100.0,0.0,0.0,0.0,0.0,0.0,0.0,มี.ค. 2025
S1-RCS-0690,PBB05S-08,100.0,0.0,0.0,0.0,0.0,0.0,0.0,มี.ค. 2025
S1-RCS-0691,PBA06S-12,100.0,0.0,0.0,0.0,0.0,0.0,0.0,มี.ค. 2025
S1-RCS-0692,PBA10S-13,100.0,0.0,0.0,0.0,0.0,0.0,0.0,มี.ค. 2025
S1-RCS-0693,PBA01S-16,100.0,0.0,0.0,0.0,0.0,0.0,0.0,มี.ค. 2025
S1-RCS-0694,PBB01S-12,100.0,0.0,0.0,0.0,0.0,0.0,0.0,มี.ค. 2025
S1-RCS-0695,PBA04S-13,100.0,0.0,0.0,0.0,0.0,0.0,0.0,มี.ค. 2025
S1-RCS-0696,PBA02S-12,100.0,0.0,0.0,0.0,0.0,0.0,0.0,มี.ค. 2025
S1-RCS-0697,PBA08S-12,100.0,0.0,0.0,0.0,0.0,0.0,0.0,มี.ค. 2025
S1-RCS-0698,PBA06S-14,100.0,0.0,0.0,0.0,0.0,0.0,0.0,มี.ค. 2025
S1-RCS-0699,DNA02S-14,100.0,0.0,0.0,0.0,0.0,0.0,0.0,มี.ค. 2025
S1-RCS-0700,PTR09S-04,100.0,0.0,0.0,0.0,0.0,0.0,0.0,มี.ค. 2025
S1-RCS-0701,DNA06S-07,100.0,0.0,0.0,0.0,0.0,0.0,0.0,มี.ค. 2025
S1-RCS-0702,DNA01S-18,100.0,0.0,0.0,0.0,0.0,0.0,0.0,มี.ค. 2025
S1-RCS-0703,DNA02S-15,100.0,0.0,0.0,0.0,0.0,0.0,0.0,มี.ค. 2025
S1-RCS-0704,PTR02S-13,100.0,0.0,0.0,0.0,0.0,0.0,0.0,มี.ค. 2025
S1-RCS-0705,CBN01S-11,100.0,0.0,0.0,0.0,0.0,0.0,0.0,มี.ค. 2025
S1-RCS-0706,PDA04S-05,100.0,0.0,0.0,0.0,0.0,0.0,0.0,มี.ค. 2025
S1-RCS-0707,PDA03S-04,100.0,0.0,0.0,0.0,0.0,0.0,0.0,มี.ค. 2025
S1-RCS-0708,PDA09S-09,100.0,0.0,0.0,0.0,0.0,0.0,0.0,มี.ค. 2025
S1-RCS-0709,PDA03S-12,100.0,0.0,0.0,0.0,0.0,0.0,0.0,มี.ค. 2025
S1-RCS-0710,PDA08S-09,100.0,0.0,0.0,0.0,0.0,0.0,0.0,มี.ค. 2025
S1-RCS-0711,PDA05S-06,100.0,0.0,0.0,0.0,0.0,0.0,0.0,มี.ค. 2025
S1-RCS-0712,PDA07S-12,100.0,0.0,0.0,0.0,0.0,0.0,0.0,มี.ค. 2025
S1-RCS-0713,PDA04S-12,100.0,0.0,0.0,0.0,0.0,0.0,0.0,มี.ค. 2025
S1-RCS-0714,PNA03S-15,100.0,0.0,0.0,0.0,0.0,0.0,0.0,มี.ค. 2025
S1-RCS-0715,PNA07S-15,100.0,0.0,0.0,0.0,0.0,0.0,0.0,มี.ค. 2025
S1-RCS-0716,PNA07S-05,100.0,0.0,0.0,0.0,0.0,0.0,0.0,มี.ค. 2025
S1-RCS-0717,PNA08S-21,100.0,0.0,0.0,0.0,0.0,0.0,0.0,มี.ค. 2025
S1-RCS-0718,PNA08S-06,100.0,0.0,0.0,0.0,0.0,0.0,0.0,มี.ค. 2025
S1-RCS-0719,PNA07S-08,100.0,0.0,0.0,0.0,0.0,0.0,0.0,มี.ค. 2025
S1-RCS-0720,PNA05S-05,100.0,0.0,0.0,0.0,0.0,0.0,0.0,มี.ค. 2025
S1-RCS-0721,RNA03S-07,100.0,0.0,0.0,0.0,0.0,0.0,0.0,มี.ค. 2025
S1-RCS-0722,RNA01S-06,100.0,0.0,0.0,0.0,0.0,0.0,0.0,มี.ค. 2025
S1-RCS-0723,RNA04S-16,100.0,0.0,0.0,0.0,0.0,0.0,0.0,มี.ค. 2025
S1-RCS-0724,RNA03S-08,100.0,0.0,0.0,0.0,0.0,0.0,0.0,มี.ค. 2025
S1-RCS-0725,RNB05S-05,100.0,0.0,0.0,0.0,0.0,0.0,0.0,มี.ค. 2025
S1-RCS-0726,RNB05S-04,100.0,0.0,0.0,0.0,0.0,0.0,0.0,มี.ค. 2025
S1-RCS-0727,RNB01S-06,100.0,0.0,0.0,0.0,0.0,0.0,0.0,มี.ค. 2025
S1-RCS-0728,RNB10S-08,100.0,0.0,0.0,0.0,0.0,0.0,0.0,มี.ค. 2025
S1-RCS-0729,RNB05S-21,100.0,0.0,0.0,0.0,0.0,0.0,0.0,มี.ค. 2025
S1-RCS-0730,RNB08S-05,100.0,0.0,0.0,0.0,0.0,0.0,0.0,มี.ค. 2025
S1-RCS-0731,RNB06S-08,100.0,0.0,0.0,0.0,0.0,0.0,0.0,มี.ค. 2025
S1-RCS-0732,RNB01S-08,100.0,0.0,0.0,0.0,0.0,0.0,0.0,มี.ค. 2025
S1-RCS-0733,RNB06S-06,100.0,0.0,0.0,0.0,0.0,0.0,0.0,มี.ค. 2025
S1-RCS-0734,RNB02S-09,100.0,0.0,0.0,0.0,0.0,0.0,0.0,มี.ค. 2025
S1-RCS-0735,RNB06S-14,100.0,0.0,0.0,0.0,0.0,0.0,0.0,มี.ค. 2025
S1-RCS-0736,RNB06S-10,100.0,0.0,0.0,0.0,0.0,0.0,0.0,มี.ค. 2025
S1-RCS-0737,RNB06S-17,100.0,0.0,0.0,0.0,0.0,0.0,0.0,มี.ค. 2025
S1-RCS-0738,RNB01S-12,100.0,0.0,0.0,0.0,0.0,0.0,0.0,มี.ค. 2025
S1-RCS-0739,RNB03S-15,100.0,0.0,0.0,0.0,0.0,0.0,0.0,มี.ค. 2025
S1-RCS-0740,RNB03S-19,100.0,0.0,0.0,0.0,0.0,0.0,0.0,มี.ค. 2025
S1-RCS-0741,RNB07S-22,100.0,0.0,0.0,0.0,0.0,0.0,0.0,มี.ค. 2025
S1-RCS-0742,RNA06S-09,100.0,0.0,0.0,0.0,0.0,0.0,0.0,มี.ค. 2025
S1-RCS-0743,RBC04S-13,100.0,0.0,0.0,0.0,0.0,0.0,0.0,มี.ค. 2025
S1-RCS-0744,CBN01S-13,100.0,0.0,0.0,0.0,0.0,0.0,0.0,มี.ค. 2025
S1-RCS-0745,RBC02S-14,100.0,0.0,0.0,0.0,0.0,0.0,0.0,มี.ค. 2025
S1-RCS-0746,RBB02S-10,100.0,0.0,0.0,0.0,0.0,0.0,0.0,มี.ค. 2025
S1-RCS-0747,RBB03S-08,100.0,0.0,0.0,0.0,0.0,0.0,0.0,มี.ค. 2025
S1-RCS-0748,RBA01S-06,100.0,0.0,0.0,0.0,0.0,0.0,0.0,มี.ค. 2025
S1-RCS-0749,RBA08S-12,100.0,0.0,0.0,0.0,0.0,0.0,0.0,มี.ค. 2025
S1-RCS-0750,RBA01S-08,100.0,0.0,0.0,0.0,0.0,0.0,0.0,มี.ค. 2025
S1-RCS-0751,RBA09S-09,100.0,0.0,0.0,0.0,0.0,0.0,0.0,มี.ค. 2025
S1-RCS-0752,RBB09S-25,100.0,0.0,0.0,0.0,0.0,0.0,0.0,มี.ค. 2025
S1-RCS-0753,RBB01S-13,100.0,0.0,0.0,0.0,0.0,0.0,0.0,มี.ค. 2025
S1-RCS-0754,RBC05S-10,100.0,0.0,0.0,0.0,0.0,0.0,0.0,มี.ค. 2025
S1-RCS-0755,RBB01S-14,100.0,0.0,0.0,0.0,0.0,0.0,0.0,มี.ค. 2025
S1-RCS-0756,RBC05S-16,100.0,0.0,0.0,0.0,0.0,0.0,0.0,มี.ค. 2025
S1-RCS-0757,RBB05S-09,100.0,0.0,0.0,0.0,0.0,0.0,0.0,มี.ค. 2025
S1-RCS-0758,DNA05S-21,100.0,0.0,0.0,0.0,0.0,0.0,0.0,มี.ค. 2025
S1-RCS-0759,DNA05S-18,100.0,0.0,0.0,0.0,0.0,0.0,0.0,มี.ค. 2025
S1-RCS-0760,RBB05S-08,100.0,0.0,0.0,0.0,0.0,0.0,0.0,มี.ค. 2025
S1-RCS-0761,KUA05S-14,100.0,0.0,0.0,0.0,0.0,0.0,0.0,มี.ค. 2025
S1-RCS-0762,KUA09S-13,100.0,0.0,0.0,0.0,0.0,0.0,0.0,มี.ค. 2025
S1-RCS-0763,SSA04S-04,100.0,0.0,0.0,0.0,0.0,0.0,0.0,มี.ค. 2025
S1-RCS-0764,SSA04S-06,100.0,0.0,0.0,0.0,0.0,0.0,0.0,มี.ค. 2025
S1-RCS-0765,SSA03S-05,100.0,0.0,0.0,0.0,0.0,0.0,0.0,มี.ค. 2025
S1-RCS-0766,SSA04S-15,100.0,0.0,0.0,0.0,0.0,0.0,0.0,มี.ค. 2025
S1-RCS-0767,SSA04S-16,100.0,0.0,0.0,0.0,0.0,0.0,0.0,มี.ค. 2025
S1-RCS-0768,SSA10S-18,100.0,0.0,0.0,0.0,0.0,0.0,0.0,มี.ค. 2025
S1-RCS-0769,CPA09S-23,100.0,0.0,0.0,0.0,0.0,0.0,0.0,มี.ค. 2025
S1-RCS-0770,CPA04S-17,100.0,0.0,0.0,0.0,0.0,0.0,0.0,มี.ค. 2025
S1-RCS-0771,CPA09S-24,100.0,0.0,0.0,0.0,0.0,0.0,0.0,มี.ค. 2025
S1-RCS-0772,CPA10S-30,100.0,0.0,0.0,0.0,0.0,0.0,0.0,มี.ค. 2025
S1-RCS-0773,CPA10S-31,100.0,0.0,0.0,0.0,0.0,0.0,0.0,มี.ค. 2025
S1-RCS-0774,LSA08S-14,100.0,0.0,0.0,0.0,0.0,0.0,0.0,มี.ค. 2025
S1-RCS-0775,LSA08S-20,100.0,0.0,0.0,0.0,0.0,0.0,0.0,มี.ค. 2025
S1-RCS-0776,LSA01S-23,100.0,0.0,0.0,0.0,0.0,0.0,0.0,มี.ค. 2025
S1-RCS-0777,LSA01S-21,100.0,0.0,0.0,0.0,0.0,0.0,0.0,มี.ค. 2025
S1-RCS-0778,LSA07S-22,100.0,0.0,0.0,0.0,0.0,0.0,0.0,มี.ค. 2025
S1-RCS-0779,LSA08S-07,100.0,0.0,0.0,0.0,0.0,0.0,0.0,มี.ค. 2025
S1-RCS-0780,LSA02S-07,100.0,0.0,0.0,0.0,0.0,0.0,0.0,มี.ค. 2025
S1-RCS-0781,TSE02S-07,100.0,0.0,0.0,0.0,0.0,0.0,0.0,มี.ค. 2025
S1-RCS-0782,TSE06S-03,100.0,0.0,0.0,0.0,0.0,0.0,0.0,มี.ค. 2025
S1-RCS-0783,TSE07S-07,100.0,0.0,0.0,0.0,0.0,0.0,0.0,มี.ค. 2025
S1-RCS-0784,TSE04S-05,100.0,0.0,0.0,0.0,0.0,0.0,0.0,มี.ค. 2025
S1-RCS-0785,TSE04S-06,100.0,0.0,0.0,0.0,0.0,0.0,0.0,มี.ค. 2025
S1-RCS-0786,TSE04S-12,100.0,0.0,0.0,0.0,0.0,0.0,0.0,มี.ค. 2025
S1-RCS-0787,TSE09S-03,100.0,0.0,0.0,0.0,0.0,0.0,0.0,มี.ค. 2025
S1-RCS-0788,TSE09S-04,100.0,0.0,0.0,0.0,0.0,0.0,0.0,มี.ค. 2025
S1-RCS-0789,KHY06S-11,100.0,0.0,0.0,0.0,0.0,0.0,0.0,มี.ค. 2025
S1-RCS-0790,PBA06S-20,100.0,0.0,0.0,0.0,0.0,0.0,0.0,มี.ค. 2025
S1-RCS-0791,PBA06S-28,100.0,0.0,0.0,0.0,0.0,0.0,0.0,มี.ค. 2025
S1-RCS-0792,BSP01S-16,100.0,0.0,0.0,0.0,0.0,0.0,0.0,มี.ค. 2025
S1-RCS-0793,BSP01S-18,100.0,0.0,0.0,0.0,0.0,0.0,0.0,มี.ค. 2025
S1-RCS-0794,BSP01S-12,100.0,0.0,0.0,0.0,0.0,0.0,0.0,มี.ค. 2025
S1-RCS-0795,BSP05S-12,100.0,0.0,0.0,0.0,0.0,0.0,0.0,มี.ค. 2025
S1-RCS-0796,QTA05S-06,100.0,0.0,0.0,0.0,0.0,0.0,0.0,มี.ค. 2025
S1-RCS-0797,RNB05S-18,100.0,0.0,0.0,0.0,0.0,0.0,0.0,มี.ค. 2025
S1-RCS-0798,CBN08S-30,100.0,0.0,0.0,0.0,0.0,0.0,0.0,มี.ค. 2025
S1-RCS-0799,CPB10S-28,100.0,0.0,0.0,0.0,0.0,0.0,0.0,มี.ค. 2025
S1-RCS-0800,PTR03S-14,100.0,0.0,0.0,0.0,0.0,0.0,0.0,มี.ค. 2025
S1-RCS-0801,PTR06S-10,100.0,0.0,0.0,0.0,0.0,0.0,0.0,มี.ค. 2025
S1-RCS-0802,PTR05S-15,100.0,0.0,0.0,0.0,0.0,0.0,0.0,มี.ค. 2025
S1-RCS-0803,PTR04S-07,100.0,0.0,0.0,0.0,0.0,0.0,0.0,มี.ค. 2025
S1-RCS-0804,PTR10S-11,100.0,0.0,0.0,0.0,0.0,0.0,0.0,มี.ค. 2025
S1-RCS-0805,PTR02S-17,100.0,0.0,0.0,0.0,0.0,0.0,0.0,มี.ค. 2025
S1-RCS-0806,PTR04S-06,100.0,0.0,0.0,0.0,0.0,0.0,0.0,มี.ค. 2025
S1-RCS-0807,PTS01S-12,100.0,0.0,0.0,0.0,0.0,0.0,0.0,มี.ค. 2025
S1-RCS-0808,RBB03S-16,100.0,0.0,0.0,0.0,0.0,0.0,0.0,มี.ค. 2025
S1-RCS-0809,PTS09S-15,100.0,0.0,0.0,0.0,0.0,0.0,0.0,มี.ค. 2025
S1-RCS-0810,PTS02S-15,100.0,0.0,0.0,0.0,0.0,0.0,0.0,มี.ค. 2025
S1-RCS-0811,PTS01S-09,100.0,0.0,0.0,0.0,0.0,0.0,0.0,มี.ค. 2025
S1-RCS-0812,KHZ02S-04,100.0,0.0,0.0,0.0,0.0,0.0,0.0,มี.ค. 2025
S1-RCS-0813,KHZ07S-03,100.0,0.0,0.0,0.0,0.0,0.0,0.0,มี.ค. 2025
S1-RCS-0814,KHY04S-04,100.0,0.0,0.0,0.0,0.0,0.0,0.0,มี.ค. 2025
S1-RCS-0815,KHY09S-04,100.0,0.0,0.0,0.0,0.0,0.0,0.0,มี.ค. 2025
S1-RCS-0816,KHY06S-06,100.0,0.0,0.0,0.0,0.0,0.0,0.0,มี.ค. 2025
S1-RCS-0817,DNA03S-07,100.0,0.0,0.0,0.0,0.0,0.0,0.0,มี.ค. 2025
S1-RCS-0818,KHY01S-08,100.0,0.0,0.0,0.0,0.0,0.0,0.0,มี.ค. 2025
S1-RCS-0819,RBB08S-10,100.0,0.0,0.0,0.0,0.0,0.0,0.0,มี.ค. 2025
S1-RCS-0820,KHZ09S-13,100.0,0.0,0.0,0.0,0.0,0.0,0.0,มี.ค. 2025
S1-RCS-0821,RBB04S-11,100.0,0.0,0.0,0.0,0.0,0.0,0.0,มี.ค. 2025
S1-RCS-0822,KHZ10S-07,100.0,0.0,0.0,0.0,0.0,0.0,0.0,มี.ค. 2025
S1-RCS-0823,PTH01S-09,100.0,0.0,0.0,0.0,0.0,0.0,0.0,มี.ค. 2025
S1-RCS-0824,PTH04S-05,100.0,0.0,0.0,0.0,0.0,0.0,0.0,มี.ค. 2025
S1-RCS-0825,PTH09S-16,100.0,0.0,0.0,0.0,0.0,0.0,0.0,มี.ค. 2025
S1-RCS-0826,KHZ10S-06,100.0,0.0,0.0,0.0,0.0,0.0,0.0,มี.ค. 2025
S1-RCS-0827,KHZ01S-16,100.0,0.0,0.0,0.0,0.0,0.0,0.0,มี.ค. 2025
S1-RCS-0828,RBA07S-06,100.0,0.0,0.0,0.0,0.0,0.0,0.0,มี.ค. 2025
S1-RCS-0829,RBC04S-15,100.0,0.0,0.0,0.0,0.0,0.0,0.0,มี.ค. 2025
S1-RCS-0830,RBB08S-18,100.0,0.0,0.0,0.0,0.0,0.0,0.0,มี.ค. 2025
S1-RCS-0831,RBB03S-22,100.0,0.0,0.0,0.0,0.0,0.0,0.0,มี.ค. 2025
S1-RCS-0832,RBC04S-05,100.0,0.0,0.0,0.0,0.0,0.0,0.0,มี.ค. 2025
S1-RCS-0833,RBC10S-06,100.0,0.0,0.0,0.0,0.0,0.0,0.0,มี.ค. 2025
S1-RCS-0834,HUB02S-14,100.0,0.0,0.0,0.0,0.0,0.0,0.0,มี.ค. 2025
S1-RCS-0835,RBB03S-07,100.0,0.0,0.0,0.0,0.0,0.0,0.0,มี.ค. 2025
S1-RCS-0836,PTH07S-08,100.0,0.0,0.0,0.0,0.0,0.0,0.0,มี.ค. 2025
S1-RCS-0837,RBC04S-08,100.0,0.0,0.0,0.0,0.0,0.0,0.0,มี.ค. 2025
S1-RCS-0838,RBB04S-22,100.0,0.0,0.0,0.0,0.0,0.0,0.0,มี.ค. 2025
S1-RCS-0839,RBB01S-08,100.0,0.0,0.0,0.0,0.0,0.0,0.0,มี.ค. 2025
S1-RCS-0840,RBB05S-05,100.0,0.0,0.0,0.0,0.0,0.0,0.0,มี.ค. 2025
S1-RCS-0841,RBB06S-08,100.0,0.0,0.0,0.0,0.0,0.0,0.0,มี.ค. 2025
S1-RCS-0842,XPA05S-25,100.0,0.0,0.0,0.0,0.0,0.0,0.0,มี.ค. 2025
S1-RCS-0843,CBN09S-13,100.0,0.0,0.0,0.0,0.0,0.0,0.0,มี.ค. 2025
S1-RCS-0844,CBN10S-23,100.0,0.0,0.0,0.0,0.0,0.0,0.0,มี.ค. 2025
S1-RCS-0845,CBN02S-10,100.0,0.0,0.0,0.0,0.0,0.0,0.0,มี.ค. 2025
S1-RCS-0846,CBN08S-04,100.0,0.0,0.0,0.0,0.0,0.0,0.0,มี.ค. 2025
S1-RCS-0847,CBN08S-03,100.0,0.0,0.0,0.0,0.0,0.0,0.0,มี.ค. 2025
S1-RCS-0848,XPA05S-21,100.0,0.0,0.0,0.0,0.0,0.0,0.0,มี.ค. 2025
S1-RCS-0849,XPA04S-08,100.0,0.0,0.0,0.0,0.0,0.0,0.0,มี.ค. 2025
S1-RCS-0850,DNA08S-11,100.0,0.0,0.0,0.0,0.0,0.0,0.0,มี.ค. 2025
S1-RCS-0851,DNA01S-03,100.0,0.0,0.0,0.0,0.0,0.0,0.0,มี.ค. 2025
S1-RCS-0852,DNA08S-07,100.0,0.0,0.0,0.0,0.0,0.0,0.0,มี.ค. 2025
S1-RCS-0853,SSA07S-07,100.0,0.0,0.0,0.0,0.0,0.0,0.0,มี.ค. 2025
S1-RCS-0854,SSA08S-05,100.0,0.0,0.0,0.0,0.0,0.0,0.0,มี.ค. 2025
S1-RCS-0855,SSA01S-04,100.0,0.0,0.0,0.0,0.0,0.0,0.0,มี.ค. 2025
S1-RCS-0856,SSA10S-04,100.0,0.0,0.0,0.0,0.0,0.0,0.0,มี.ค. 2025
S1-RCS-0857,PBA03S-13,100.0,0.0,0.0,0.0,0.0,0.0,0.0,มี.ค. 2025
S1-RCS-0858,PBA01S-11,100.0,0.0,0.0,0.0,0.0,0.0,0.0,มี.ค. 2025
S1-RCS-0859,KHY01S-04,100.0,0.0,0.0,0.0,0.0,0.0,0.0,มี.ค. 2025
S1-RCS-0860,PBB01S-10,100.0,0.0,0.0,0.0,0.0,0.0,0.0,มี.ค. 2025
S1-RCS-0861,PBA07S-10,100.0,0.0,0.0,0.0,0.0,0.0,0.0,มี.ค. 2025
S1-RCS-0862,PBA04S-08,100.0,0.0,0.0,0.0,0.0,0.0,0.0,มี.ค. 2025
S1-RCS-0863,PBA07S-17,100.0,0.0,0.0,0.0,0.0,0.0,0.0,มี.ค. 2025
S1-RCS-0864,KHY08S-11,100.0,0.0,0.0,0.0,0.0,0.0,0.0,มี.ค. 2025
S1-RCS-0865,KHY02S-04,100.0,0.0,0.0,0.0,0.0,0.0,0.0,มี.ค. 2025
S1-RCS-0866,PBA11S-14,100.0,0.0,0.0,0.0,0.0,0.0,0.0,มี.ค. 2025
S1-RCS-0867,PBB05S-19,100.0,0.0,0.0,0.0,0.0,0.0,0.0,มี.ค. 2025
S1-RCS-0868,PBA05S-17,100.0,0.0,0.0,0.0,0.0,0.0,0.0,มี.ค. 2025
S1-RCS-0869,PBA02S-20,100.0,0.0,0.0,0.0,0.0,0.0,0.0,มี.ค. 2025
S1-RCS-0870,PBB04S-03,100.0,0.0,0.0,0.0,0.0,0.0,0.0,มี.ค. 2025
S1-RCS-0871,PBA11S-28,100.0,0.0,0.0,0.0,0.0,0.0,0.0,มี.ค. 2025
S1-RCS-0872,PBA09S-11,100.0,0.0,0.0,0.0,0.0,0.0,0.0,มี.ค. 2025
S1-RCS-0873,PBA02S-08,100.0,0.0,0.0,0.0,0.0,0.0,0.0,มี.ค. 2025
S1-RCS-0874,PBA06S-11,100.0,0.0,0.0,0.0,0.0,0.0,0.0,มี.ค. 2025
S1-RCS-0875,PBA03S-19,100.0,0.0,0.0,0.0,0.0,0.0,0.0,มี.ค. 2025
S1-RCS-0876,KDA03S-07,100.0,0.0,0.0,0.0,0.0,0.0,0.0,มี.ค. 2025
S1-RCS-0877,KDA01S-10,100.0,0.0,0.0,0.0,0.0,0.0,0.0,มี.ค. 2025
S1-RCS-0878,KDA02S-17,100.0,0.0,0.0,0.0,0.0,0.0,0.0,มี.ค. 2025
S1-RCS-0879,KDA02S-18,100.0,0.0,0.0,0.0,0.0,0.0,0.0,มี.ค. 2025
S1-RCS-0880,KDA02S-14,100.0,0.0,0.0,0.0,0.0,0.0,0.0,มี.ค. 2025
S1-RCS-0881,PBA10S-32,100.0,0.0,0.0,0.0,0.0,0.0,0.0,มี.ค. 2025
S1-RCS-0882,PBA10S-30,100.0,0.0,0.0,0.0,0.0,0.0,0.0,มี.ค. 2025
S1-RCS-0883,HUB01S-18,100.0,0.0,0.0,0.0,0.0,0.0,0.0,มี.ค. 2025
S1-RCS-0884,KDA02S-06,100.0,0.0,0.0,0.0,0.0,0.0,0.0,มี.ค. 2025
S1-RCS-0885,CAB09S-16,100.0,0.0,0.0,0.0,0.0,0.0,0.0,มี.ค. 2025
S1-RCS-0886,CAB05S-17,100.0,0.0,0.0,0.0,0.0,0.0,0.0,มี.ค. 2025
S1-RCS-0887,CAB10S-21,100.0,0.0,0.0,0.0,0.0,0.0,0.0,มี.ค. 2025
S1-RCS-0888,PBA03S-05,100.0,0.0,0.0,0.0,0.0,0.0,0.0,มี.ค. 2025
S1-RCS-0889,CAB03S-15,100.0,0.0,0.0,0.0,0.0,0.0,0.0,มี.ค. 2025
S1-RCS-0890,CAA05S-10,100.0,0.0,0.0,0.0,0.0,0.0,0.0,มี.ค. 2025
S1-RCS-0891,CAB03S-07,100.0,0.0,0.0,0.0,0.0,0.0,0.0,มี.ค. 2025
S1-RCS-0892,CAB09S-05,100.0,0.0,0.0,0.0,0.0,0.0,0.0,มี.ค. 2025
S1-RCS-0893,CAB06S-03,100.0,0.0,0.0,0.0,0.0,0.0,0.0,มี.ค. 2025
S1-RCS-0894,HUC06S-05,100.0,0.0,0.0,0.0,0.0,0.0,0.0,มี.ค. 2025
S1-RCS-0895,HUC05S-50,100.0,0.0,0.0,0.0,0.0,0.0,0.0,มี.ค. 2025
S1-RCS-0896,PNA09S-05,100.0,0.0,0.0,0.0,0.0,0.0,0.0,มี.ค. 2025
S1-RCS-0897,PNA10S-12,100.0,0.0,0.0,0.0,0.0,0.0,0.0,มี.ค. 2025
S1-RCS-0898,PNA07S-04,100.0,0.0,0.0,0.0,0.0,0.0,0.0,มี.ค. 2025
S1-RCS-0899,PNA10S-11,100.0,0.0,0.0,0.0,0.0,0.0,0.0,มี.ค. 2025
S1-RCS-0900,PNA04S-07,100.0,0.0,0.0,0.0,0.0,0.0,0.0,มี.ค. 2025
S1-RCS-0901,PNA03S-03,100.0,0.0,0.0,0.0,0.0,0.0,0.0,มี.ค. 2025
S1-RCS-0902,PNA02S-12,100.0,0.0,0.0,0.0,0.0,0.0,0.0,มี.ค. 2025
S1-RCS-0903,KUA09S-16,100.0,0.0,0.0,0.0,0.0,0.0,0.0,มี.ค. 2025
S1-RCS-0904,PBB01S-16,100.0,0.0,0.0,0.0,0.0,0.0,0.0,มี.ค. 2025
S1-RCS-0905,KUA08S-03,100.0,0.0,0.0,0.0,0.0,0.0,0.0,มี.ค. 2025
S1-RCS-0906,KUA01S-05,100.0,0.0,0.0,0.0,0.0,0.0,0.0,มี.ค. 2025
S1-RCS-0907,KUA10S-09,100.0,0.0,0.0,0.0,0.0,0.0,0.0,มี.ค. 2025
S1-RCS-0908,PDA05S-08,100.0,0.0,0.0,0.0,0.0,0.0,0.0,มี.ค. 2025
S1-RCS-0909,PDA09S-17,100.0,0.0,0.0,0.0,0.0,0.0,0.0,มี.ค. 2025
S1-RCS-0910,PDA05S-22,100.0,0.0,0.0,0.0,0.0,0.0,0.0,มี.ค. 2025
S1-RCS-0911,PBA04S-24,100.0,0.0,0.0,0.0,0.0,0.0,0.0,มี.ค. 2025
S1-RCS-0912,PDA03S-10,100.0,0.0,0.0,0.0,0.0,0.0,0.0,มี.ค. 2025
S1-RCS-0913,PDA05S-11,100.0,0.0,0.0,0.0,0.0,0.0,0.0,มี.ค. 2025
S1-RCS-0914,PDA08S-11,100.0,0.0,0.0,0.0,0.0,0.0,0.0,มี.ค. 2025
S1-RCS-0915,BSP06S-08,100.0,0.0,0.0,0.0,0.0,0.0,0.0,มี.ค. 2025
S1-RCS-0916,BSP02S-13,100.0,0.0,0.0,0.0,0.0,0.0,0.0,มี.ค. 2025
S1-RCS-0917,BSP07S-23,100.0,0.0,0.0,0.0,0.0,0.0,0.0,มี.ค. 2025
S1-RCS-0918,BSP02S-08,100.0,0.0,0.0,0.0,0.0,0.0,0.0,มี.ค. 2025
S1-RCS-0919,BSR10S-10,100.0,0.0,0.0,0.0,0.0,0.0,0.0,มี.ค. 2025
S1-RCS-0920,BSR03S-10,100.0,0.0,0.0,0.0,0.0,0.0,0.0,มี.ค. 2025
S1-RCS-0921,BSR02S-22,100.0,0.0,0.0,0.0,0.0,0.0,0.0,มี.ค. 2025
S1-RCS-0922,QTA09S-08,100.0,0.0,0.0,0.0,0.0,0.0,0.0,มี.ค. 2025
S1-RCS-0923,PBA10S-18,100.0,0.0,0.0,0.0,0.0,0.0,0.0,มี.ค. 2025
S1-RCS-0924,TSE10S-15,100.0,0.0,0.0,0.0,0.0,0.0,0.0,มี.ค. 2025
S1-RCS-0925,TSE05S-15,100.0,0.0,0.0,0.0,0.0,0.0,0.0,มี.ค. 2025
S1-RCS-0926,QTA02S-04,100.0,0.0,0.0,0.0,0.0,0.0,0.0,มี.ค. 2025
S1-RCS-0927,TSE01S-04,100.0,0.0,0.0,0.0,0.0,0.0,0.0,มี.ค. 2025
S1-RCS-0928,TSE01S-05,100.0,0.0,0.0,0.0,0.0,0.0,0.0,มี.ค. 2025
S1-RCS-0929,TSE04S-07,100.0,0.0,0.0,0.0,0.0,0.0,0.0,มี.ค. 2025
S1-RCS-0930,TSE09S-05,100.0,0.0,0.0,0.0,0.0,0.0,0.0,มี.ค. 2025
S1-RCS-0931,TSE09S-07,100.0,0.0,0.0,0.0,0.0,0.0,0.0,มี.ค. 2025
S1-RCS-0932,TSE10S-05,100.0,0.0,0.0,0.0,0.0,0.0,0.0,มี.ค. 2025
S1-RCS-0933,TSE05S-03,100.0,0.0,0.0,0.0,0.0,0.0,0.0,มี.ค. 2025
S1-RCS-0934,TSE08S-15,100.0,0.0,0.0,0.0,0.0,0.0,0.0,มี.ค. 2025
S1-RCS-0935,CPA06S-36,100.0,0.0,0.0,0.0,0.0,0.0,0.0,มี.ค. 2025
S1-RCS-0936,CPA01S-09,100.0,0.0,0.0,0.0,0.0,0.0,0.0,มี.ค. 2025
S1-RCS-0937,CPA01S-07,100.0,0.0,0.0,0.0,0.0,0.0,0.0,มี.ค. 2025
S1-RCS-0938,CPA08S-12,100.0,0.0,0.0,0.0,0.0,0.0,0.0,มี.ค. 2025
S1-RCS-0939,CPA02S-07,100.0,0.0,0.0,0.0,0.0,0.0,0.0,มี.ค. 2025
S1-RCS-0940,CPA04S-06,100.0,0.0,0.0,0.0,0.0,0.0,0.0,มี.ค. 2025
S1-RCS-0941,CPA05S-06,100.0,0.0,0.0,0.0,0.0,0.0,0.0,มี.ค. 2025
S1-RCS-0942,CPA09S-22,100.0,0.0,0.0,0.0,0.0,0.0,0.0,มี.ค. 2025
S1-RCS-0943,CPB07S-08,100.0,0.0,0.0,0.0,0.0,0.0,0.0,มี.ค. 2025
S1-RCS-0944,CPB10S-25,100.0,0.0,0.0,0.0,0.0,0.0,0.0,มี.ค. 2025
S1-RCS-0945,CPB07S-03,100.0,0.0,0.0,0.0,0.0,0.0,0.0,มี.ค. 2025
S1-RCS-0946,CPA01S-12,100.0,0.0,0.0,0.0,0.0,0.0,0.0,มี.ค. 2025
S1-RCS-0947,CPB07S-16,100.0,0.0,0.0,0.0,0.0,0.0,0.0,มี.ค. 2025
S1-RCS-0948,CPA09S-26,100.0,0.0,0.0,0.0,0.0,0.0,0.0,มี.ค. 2025
S1-RCS-0949,LSA02S-09,100.0,0.0,0.0,0.0,0.0,0.0,0.0,มี.ค. 2025
S1-RCS-0950,LSA04S-06,100.0,0.0,0.0,0.0,0.0,0.0,0.0,มี.ค. 2025
S1-RCS-0951,LAS10S-03,100.0,0.0,0.0,0.0,0.0,0.0,0.0,มี.ค. 2025
S1-RCS-0952,LAS09S-03,100.0,0.0,0.0,0.0,0.0,0.0,0.0,มี.ค. 2025
S1-RCS-0953,LSA03S-03,100.0,0.0,0.0,0.0,0.0,0.0,0.0,มี.ค. 2025
S1-RCS-0954,LSA05S-33,100.0,0.0,0.0,0.0,0.0,0.0,0.0,มี.ค. 2025
S1-RCS-0955,RNA04S-12,100.0,0.0,0.0,0.0,0.0,0.0,0.0,มี.ค. 2025
S1-RCS-0956,RNB08S-08,100.0,0.0,0.0,0.0,0.0,0.0,0.0,มี.ค. 2025
S1-RCS-0957,RNB08S-06,100.0,0.0,0.0,0.0,0.0,0.0,0.0,มี.ค. 2025
S1-RCS-0958,PBA10S-25,100.0,0.0,0.0,0.0,0.0,0.0,0.0,มี.ค. 2025
S1-RCS-0959,RNB07S-10,100.0,0.0,0.0,0.0,0.0,0.0,0.0,มี.ค. 2025
S1-RCS-0960,RNB05S-09,100.0,0.0,0.0,0.0,0.0,0.0,0.0,มี.ค. 2025
S1-RCS-0961,RNB06S-12,100.0,0.0,0.0,0.0,0.0,0.0,0.0,มี.ค. 2025
S1-RCS-0962,RNA06S-14,100.0,0.0,0.0,0.0,0.0,0.0,0.0,มี.ค. 2025
S1-RCS-0963,RNB10S-06,100.0,0.0,0.0,0.0,0.0,0.0,0.0,มี.ค. 2025
S1-RCS-0964,RNB07S-14,100.0,0.0,0.0,0.0,0.0,0.0,0.0,มี.ค. 2025
S1-RCS-0965,RNA05S-24,100.0,0.0,0.0,0.0,0.0,0.0,0.0,มี.ค. 2025
S1-RCS-0966,RNA03S-25,100.0,0.0,0.0,0.0,0.0,0.0,0.0,มี.ค. 2025
S1-RCS-0967,RNA05S-22,100.0,0.0,0.0,0.0,0.0,0.0,0.0,มี.ค. 2025
S1-RCS-0968,RNB04S-13,100.0,0.0,0.0,0.0,0.0,0.0,0.0,มี.ค. 2025
S1-RCS-0969,CBN02S-12,100.0,0.0,0.0,0.0,0.0,0.0,0.0,มี.ค. 2025
S1-RCS-0970,SSA04S-03,100.0,0.0,0.0,0.0,0.0,0.0,0.0,มี.ค. 2025
S1-RCS-0971,XPA04S-06,100.0,0.0,0.0,0.0,0.0,0.0,0.0,มี.ค. 2025
S1-RCS-0972,XPA05S-11,100.0,0.0,0.0,0.0,0.0,0.0,0.0,มี.ค. 2025
S1-RCS-0973,PTH04S-12,100.0,0.0,0.0,0.0,0.0,0.0,0.0,มี.ค. 2025
S1-RCS-0974,PTH09S-08,100.0,0.0,0.0,0.0,0.0,0.0,0.0,มี.ค. 2025
S1-RCS-0975,PTH04S-24,100.0,0.0,0.0,0.0,0.0,0.0,0.0,มี.ค. 2025
S1-RCS-0976,PBA02S-25,100.0,0.0,0.0,0.0,0.0,0.0,0.0,มี.ค. 2025
S1-RCS-0977,PBA07S-31,100.0,0.0,0.0,0.0,0.0,0.0,0.0,มี.ค. 2025
S1-RCS-0978,PBA05S-06,100.0,0.0,0.0,0.0,0.0,0.0,0.0,มี.ค. 2025
S1-RCS-0979,KHZ04S-16,100.0,0.0,0.0,0.0,0.0,0.0,0.0,มี.ค. 2025
S1-RCS-0980,XPA10S-08,100.0,0.0,0.0,0.0,0.0,0.0,0.0,มี.ค. 2025
S1-RCS-0981,DNA06S-13,100.0,0.0,0.0,0.0,0.0,0.0,0.0,มี.ค. 2025
S1-RCS-0982,DNA05S-25,100.0,0.0,0.0,0.0,0.0,0.0,0.0,มี.ค. 2025
S1-RCS-0983,DNA08S-09,100.0,0.0,0.0,0.0,0.0,0.0,0.0,มี.ค. 2025
S1-RCS-0984,DNA05S-32,100.0,0.0,0.0,0.0,0.0,0.0,0.0,มี.ค. 2025
S1-RCS-0985,DNA05S-31,100.0,0.0,0.0,0.0,0.0,0.0,0.0,มี.ค. 2025
S1-RCS-0986,DNA04S-05,100.0,0.0,0.0,0.0,0.0,0.0,0.0,มี.ค. 2025
S1-RCS-0987,DNA01S-19,100.0,0.0,0.0,0.0,0.0,0.0,0.0,มี.ค. 2025
S1-RCS-0988,DNA01S-04,100.0,0.0,0.0,0.0,0.0,0.0,0.0,มี.ค. 2025
S1-RCS-0989,DNA06S-21,100.0,0.0,0.0,0.0,0.0,0.0,0.0,มี.ค. 2025
S1-RCS-0990,DNA02S-23,100.0,0.0,0.0,0.0,0.0,0.0,0.0,มี.ค. 2025
S1-RCS-0991,DNA02S-22,100.0,0.0,0.0,0.0,0.0,0.0,0.0,มี.ค. 2025
S1-RCS-0992,PBA01S-15,100.0,0.0,0.0,0.0,0.0,0.0,0.0,มี.ค. 2025
S1-RCS-0993,PBA05S-08,100.0,0.0,0.0,0.0,0.0,0.0,0.0,มี.ค. 2025
S1-RCS-0994,PBA11S-30,100.0,0.0,0.0,0.0,0.0,0.0,0.0,มี.ค. 2025
S1-RCS-0995,PBA11S-07,100.0,0.0,0.0,0.0,0.0,0.0,0.0,มี.ค. 2025
S1-RCS-0996,PBA02S-31,100.0,0.0,0.0,0.0,0.0,0.0,0.0,มี.ค. 2025
S1-RCS-0997,PBA02S-29,100.0,0.0,0.0,0.0,0.0,0.0,0.0,มี.ค. 2025
S1-RCS-0998,SSA09S-15,100.0,0.0,0.0,0.0,0.0,0.0,0.0,มี.ค. 2025
S1-RCS-0999,SSA09S-21,100.0,0.0,0.0,0.0,0.0,0.0,0.0,มี.ค. 2025
S1-RCS-1000,RBB09S-29,100.0,0.0,0.0,0.0,0.0,0.0,0.0,มี.ค. 2025
S1-RCS-1001,PTH04S-04,100.0,0.0,0.0,0.0,0.0,0.0,0.0,มี.ค. 2025
S1-RCS-1002,PTR03S-20,100.0,0.0,0.0,0.0,0.0,0.0,0.0,มี.ค. 2025
S1-RCS-1003,KHY05S-07,100.0,0.0,0.0,0.0,0.0,0.0,0.0,มี.ค. 2025
S1-RCS-1004,KHY02S-16,100.0,0.0,0.0,0.0,0.0,0.0,0.0,มี.ค. 2025
S1-RCS-1005,CBN03S-17,100.0,0.0,0.0,0.0,0.0,0.0,0.0,มี.ค. 2025
S1-RCS-1006,CBN03S-23,100.0,0.0,0.0,0.0,0.0,0.0,0.0,มี.ค. 2025
S1-RCS-1007,PBB05S-22,100.0,0.0,0.0,0.0,0.0,0.0,0.0,มี.ค. 2025
S1-RCS-1008,PBB01S-14,100.0,0.0,0.0,0.0,0.0,0.0,0.0,มี.ค. 2025
S1-RCS-1009,DNA04S-20,100.0,0.0,0.0,0.0,0.0,0.0,0.0,มี.ค. 2025
S1-RCS-1010,PTH10S-10,100.0,0.0,0.0,0.0,0.0,0.0,0.0,มี.ค. 2025
S1-RCS-1011,PTH10S-08,100.0,0.0,0.0,0.0,0.0,0.0,0.0,มี.ค. 2025
S1-RCS-1012,PTH03S-08,100.0,0.0,0.0,0.0,0.0,0.0,0.0,มี.ค. 2025
S1-RCS-1013,HUC03S-12,100.0,0.0,0.0,0.0,0.0,0.0,0.0,มี.ค. 2025
S1-RCS-1014,PNA06S-20,100.0,0.0,0.0,0.0,0.0,0.0,0.0,มี.ค. 2025
S1-RCS-1015,CPB10S-05,100.0,0.0,0.0,0.0,0.0,0.0,0.0,มี.ค. 2025
S1-RCS-1016,CPB09S-07,100.0,0.0,0.0,0.0,0.0,0.0,0.0,มี.ค. 2025
S1-RCS-1017,KUA07S-15,100.0,0.0,0.0,0.0,0.0,0.0,0.0,มี.ค. 2025
S1-RCS-1018,LSA10S-05,100.0,0.0,0.0,0.0,0.0,0.0,0.0,มี.ค. 2025
S1-RCS-1019,XPA05S-32,100.0,0.0,0.0,0.0,0.0,0.0,0.0,มี.ค. 2025
S1-RCS-1020,HUB08S-09,100.0,0.0,0.0,0.0,0.0,0.0,0.0,มี.ค. 2025
S1-RCS-1021,HUC08S-06,100.0,0.0,0.0,0.0,0.0,0.0,0.0,มี.ค. 2025
S1-RCS-1022,HUC08S-10,100.0,0.0,0.0,0.0,0.0,0.0,0.0,มี.ค. 2025
S1-RCS-1023,HUC05S-16,100.0,0.0,0.0,0.0,0.0,0.0,0.0,มี.ค. 2025
S1-RCS-1024,CPA07S-11,100.0,0.0,0.0,0.0,0.0,0.0,0.0,มี.ค. 2025
S1-RCS-1025,CPA09S-28,100.0,0.0,0.0,0.0,0.0,0.0,0.0,มี.ค. 2025
S1-RCS-1026,CAB08S-10,100.0,0.0,0.0,0.0,0.0,0.0,0.0,มี.ค. 2025
S1-RCS-1027,PTH09S-19,100.0,0.0,0.0,0.0,0.0,0.0,0.0,มี.ค. 2025
S1-RCS-1028,PTH06S-04,100.0,0.0,0.0,0.0,0.0,0.0,0.0,มี.ค. 2025
S1-RCS-1029,DNA04S-13,100.0,0.0,0.0,0.0,0.0,0.0,0.0,มี.ค. 2025
S1-RCS-1030,BSP07S-07,100.0,0.0,0.0,0.0,0.0,0.0,0.0,มี.ค. 2025
S1-RCS-1031,PDA08S-05,100.0,0.0,0.0,0.0,0.0,0.0,0.0,มี.ค. 2025
S1-RCS-1032,PBB03S-08,100.0,0.0,0.0,0.0,0.0,0.0,0.0,มี.ค. 2025
S1-RCS-1033,PDA10S-06,100.0,0.0,0.0,0.0,0.0,0.0,0.0,มี.ค. 2025
S1-RCS-1034,HUB08S-03,100.0,0.0,0.0,0.0,0.0,0.0,0.0,มี.ค. 2025
S1-RCS-1035,PBA02S-11,100.0,0.0,0.0,0.0,0.0,0.0,0.0,มี.ค. 2025
S1-RCS-1036,CBN02S-09,100.0,0.0,0.0,0.0,0.0,0.0,0.0,มี.ค. 2025
S1-RCS-1037,PBA11S-10,100.0,0.0,0.0,0.0,0.0,0.0,0.0,มี.ค. 2025
S1-RCS-1038,PTR02S-18,100.0,0.0,0.0,0.0,0.0,0.0,0.0,มี.ค. 2025
S1-RCS-1039,PBB03S-06,100.0,0.0,0.0,0.0,0.0,0.0,0.0,มี.ค. 2025
S1-RCS-1040,PTR09S-11,100.0,0.0,0.0,0.0,0.0,0.0,0.0,มี.ค. 2025
S1-RCS-1041,PTR02S-05,100.0,0.0,0.0,0.0,0.0,0.0,0.0,มี.ค. 2025
S1-RCS-1042,PTR09S-09,100.0,0.0,0.0,0.0,0.0,0.0,0.0,มี.ค. 2025
S1-RCS-1043,PBA04S-11,100.0,0.0,0.0,0.0,0.0,0.0,0.0,มี.ค. 2025
S1-RCS-1044,PBA10S-16,100.0,0.0,0.0,0.0,0.0,0.0,0.0,มี.ค. 2025
S1-RCS-1045,XPA01S-08,100.0,0.0,0.0,0.0,0.0,0.0,0.0,มี.ค. 2025
S1-RCS-1046,PTR03S-10,100.0,0.0,0.0,0.0,0.0,0.0,0.0,มี.ค. 2025
S1-RCS-1047,PTR03S-04,100.0,0.0,0.0,0.0,0.0,0.0,0.0,มี.ค. 2025
S1-RCS-1048,PTR04S-08,100.0,0.0,0.0,0.0,0.0,0.0,0.0,มี.ค. 2025
S1-RCS-1049,PTR07S-10,100.0,0.0,0.0,0.0,0.0,0.0,0.0,มี.ค. 2025
S1-RCS-1050,PTR09S-12,100.0,0.0,0.0,0.0,0.0,0.0,0.0,มี.ค. 2025
S1-RCS-1051,PTR09S-13,100.0,0.0,0.0,0.0,0.0,0.0,0.0,มี.ค. 2025
S1-RCS-1052,BNP05S-18,100.0,0.0,0.0,0.0,0.0,0.0,0.0,มี.ค. 2025
S1-RCS-1053,DNA02S-18,100.0,0.0,0.0,0.0,0.0,0.0,0.0,มี.ค. 2025
S1-RCS-1054,DNA07S-12,100.0,0.0,0.0,0.0,0.0,0.0,0.0,มี.ค. 2025
S1-RCS-1055,DNA02S-20,100.0,0.0,0.0,0.0,0.0,0.0,0.0,มี.ค. 2025
S1-RCS-1056,DNA07S-16,100.0,0.0,0.0,0.0,0.0,0.0,0.0,มี.ค. 2025
S1-RCS-1057,DNA10S-12,100.0,0.0,0.0,0.0,0.0,0.0,0.0,มี.ค. 2025
S1-RCS-1058,CAA03S-15,100.0,0.0,0.0,0.0,0.0,0.0,0.0,มี.ค. 2025
S1-RCS-1059,CAA07S-06,100.0,0.0,0.0,0.0,0.0,0.0,0.0,มี.ค. 2025
S1-RCS-1060,CAB01S-07,100.0,0.0,0.0,0.0,0.0,0.0,0.0,มี.ค. 2025
S1-RCS-1061,CAB05S-19,100.0,0.0,0.0,0.0,0.0,0.0,0.0,มี.ค. 2025
S1-RCS-1062,CAC04S-03,100.0,0.0,0.0,0.0,0.0,0.0,0.0,มี.ค. 2025
S1-RCS-1063,CAC06S-04,100.0,0.0,0.0,0.0,0.0,0.0,0.0,มี.ค. 2025
S1-RCS-1064,CPA02S-10,100.0,0.0,0.0,0.0,0.0,0.0,0.0,มี.ค. 2025
S1-RCS-1065,CPA06S-35,100.0,0.0,0.0,0.0,0.0,0.0,0.0,มี.ค. 2025
S1-RCS-1066,CPA08S-14,100.0,0.0,0.0,0.0,0.0,0.0,0.0,มี.ค. 2025
S1-RCS-1067,CPA08S-16,100.0,0.0,0.0,0.0,0.0,0.0,0.0,มี.ค. 2025
S1-RCS-1068,CPA10S-18,100.0,0.0,0.0,0.0,0.0,0.0,0.0,มี.ค. 2025
S1-RCS-1069,CPB10S-12,100.0,0.0,0.0,0.0,0.0,0.0,0.0,มี.ค. 2025
S1-RCS-1070,CPB08S-14,100.0,0.0,0.0,0.0,0.0,0.0,0.0,มี.ค. 2025
S1-RCS-1071,PDA07S-04,100.0,0.0,0.0,0.0,0.0,0.0,0.0,มี.ค. 2025
S1-RCS-1072,KUA04S-22,100.0,0.0,0.0,0.0,0.0,0.0,0.0,มี.ค. 2025
S1-RCS-1073,KUA10S-12,100.0,0.0,0.0,0.0,0.0,0.0,0.0,มี.ค. 2025
S1-RCS-1074,PBB03S-09,100.0,0.0,0.0,0.0,0.0,0.0,0.0,มี.ค. 2025
S1-RCS-1075,BSP02S-03,100.0,0.0,0.0,0.0,0.0,0.0,0.0,มี.ค. 2025
S1-RCS-1076,BSP04S-05,100.0,0.0,0.0,0.0,0.0,0.0,0.0,มี.ค. 2025
S1-RCS-1077,BSP09S-04,100.0,0.0,0.0,0.0,0.0,0.0,0.0,มี.ค. 2025
S1-RCS-1078,BSP10S-22,100.0,0.0,0.0,0.0,0.0,0.0,0.0,มี.ค. 2025
S1-RCS-1079,BSR05S-05,100.0,0.0,0.0,0.0,0.0,0.0,0.0,มี.ค. 2025
S1-RCS-1080,BSR06S-14,100.0,0.0,0.0,0.0,0.0,0.0,0.0,มี.ค. 2025
S1-RCS-1081,PBA06S-16,100.0,0.0,0.0,0.0,0.0,0.0,0.0,มี.ค. 2025
S1-RCS-1082,KUA04S-12,100.0,0.0,0.0,0.0,0.0,0.0,0.0,มี.ค. 2025
S1-RCS-1083,KUA09S-10,100.0,0.0,0.0,0.0,0.0,0.0,0.0,มี.ค. 2025
S1-RCS-1084,LSA01S-19,100.0,0.0,0.0,0.0,0.0,0.0,0.0,มี.ค. 2025
S1-RCS-1085,LSA10S-21,100.0,0.0,0.0,0.0,0.0,0.0,0.0,มี.ค. 2025
S1-RCS-1086,LSA02S-05,100.0,0.0,0.0,0.0,0.0,0.0,0.0,มี.ค. 2025
S1-RCS-1087,RNA03S-12,100.0,0.0,0.0,0.0,0.0,0.0,0.0,มี.ค. 2025
S1-RCS-1088,LSA08S-17,100.0,0.0,0.0,0.0,0.0,0.0,0.0,มี.ค. 2025
S1-RCS-1089,RNA07S-06,100.0,0.0,0.0,0.0,0.0,0.0,0.0,มี.ค. 2025
S1-RCS-1090,LSA08S-19,100.0,0.0,0.0,0.0,0.0,0.0,0.0,มี.ค. 2025
S1-RCS-1091,LSA08S-21,100.0,0.0,0.0,0.0,0.0,0.0,0.0,มี.ค. 2025
S1-RCS-1092,PBA02S-26,100.0,0.0,0.0,0.0,0.0,0.0,0.0,มี.ค. 2025
S1-RCS-1093,LSA08S-22,100.0,0.0,0.0,0.0,0.0,0.0,0.0,มี.ค. 2025
S1-RCS-1094,HUB05S-24,100.0,0.0,0.0,0.0,0.0,0.0,0.0,มี.ค. 2025
S1-RCS-1095,RNB03S-09,100.0,0.0,0.0,0.0,0.0,0.0,0.0,มี.ค. 2025
S1-RCS-1096,RNB07S-18,100.0,0.0,0.0,0.0,0.0,0.0,0.0,มี.ค. 2025
S1-RCS-1097,RNB09S-04,100.0,0.0,0.0,0.0,0.0,0.0,0.0,มี.ค. 2025
S1-RCS-1098,RNB04S-20,100.0,0.0,0.0,0.0,0.0,0.0,0.0,มี.ค. 2025
S1-RCS-1099,RNA03S-24,100.0,0.0,0.0,0.0,0.0,0.0,0.0,มี.ค. 2025
S1-RCS-1100,RNA05S-23,100.0,0.0,0.0,0.0,0.0,0.0,0.0,มี.ค. 2025
S1-RCS-1101,PBA04S-10,100.0,0.0,0.0,0.0,0.0,0.0,0.0,มี.ค. 2025
S1-RCS-1102,PBB02S-12,100.0,0.0,0.0,0.0,0.0,0.0,0.0,มี.ค. 2025
S1-RCS-1103,PBA09S-13,100.0,0.0,0.0,0.0,0.0,0.0,0.0,มี.ค. 2025
S1-RCS-1104,PBB04S-14,100.0,0.0,0.0,0.0,0.0,0.0,0.0,มี.ค. 2025
S1-RCS-1105,PBA01S-05,100.0,0.0,0.0,0.0,0.0,0.0,0.0,มี.ค. 2025
S1-RCS-1106,PBB04S-10,100.0,0.0,0.0,0.0,0.0,0.0,0.0,มี.ค. 2025
S1-RCS-1107,PBA10S-26,100.0,0.0,0.0,0.0,0.0,0.0,0.0,มี.ค. 2025
S1-RCS-1108,TSE01S-10,100.0,0.0,0.0,0.0,0.0,0.0,0.0,มี.ค. 2025
S1-RCS-1109,PBA05S-24,100.0,0.0,0.0,0.0,0.0,0.0,0.0,มี.ค. 2025
S1-RCS-1110,PBB01S-07,100.0,0.0,0.0,0.0,0.0,0.0,0.0,มี.ค. 2025
S1-RCS-1111,PBB05S-03,100.0,0.0,0.0,0.0,0.0,0.0,0.0,มี.ค. 2025
S1-RCS-3300,BPC07S-03,100.0,0.0,0.0,0.0,0.0,0.0,0.0,มี.ค. 2025
S1-RCS-3301,BPC04S-07,100.0,0.0,0.0,0.0,0.0,0.0,0.0,มี.ค. 2025
S1-RCS-3302,BPC10S-02,100.0,0.0,0.0,0.0,0.0,0.0,0.0,มี.ค. 2025
S1-RCS-3303,BPC05S-03,100.0,0.0,0.0,0.0,0.0,0.0,0.0,มี.ค. 2025
S1-RCS-3304,BPB04S-06,100.0,0.0,0.0,0.0,0.0,0.0,0.0,มี.ค. 2025
S1-RCS-3305,BPA04S-13,100.0,0.0,0.0,0.0,0.0,0.0,0.0,มี.ค. 2025
S1-RCS-3306,BPA02S-13,100.0,0.0,0.0,0.0,0.0,0.0,0.0,มี.ค. 2025
S1-RCS-3307,BPB09S-06,100.0,0.0,0.0,0.0,0.0,0.0,0.0,มี.ค. 2025
S1-RCS-3308,BPB07S-07,100.0,0.0,0.0,0.0,0.0,0.0,0.0,มี.ค. 2025
S1-RCS-3309,TMK10S-07,100.0,0.0,0.0,0.0,0.0,0.0,0.0,มี.ค. 2025
S1-RCS-3310,BPB03S-06,100.0,0.0,0.0,0.0,0.0,0.0,0.0,มี.ค. 2025
S1-RCS-3311,TMK09S-11,100.0,0.0,0.0,0.0,0.0,0.0,0.0,มี.ค. 2025
S1-RCS-3312,BPC04S-08,100.0,0.0,0.0,0.0,0.0,0.0,0.0,มี.ค. 2025
S1-RCS-3313,BPB07S-08,100.0,0.0,0.0,0.0,0.0,0.0,0.0,มี.ค. 2025
S1-RCS-3314,BPA02S-05,100.0,0.0,0.0,0.0,0.0,0.0,0.0,มี.ค. 2025
S1-RCS-3315,NOM05S-04,100.0,0.0,0.0,0.0,0.0,0.0,0.0,มี.ค. 2025
S1-RCS-3316,BPB12S-03,100.0,0.0,0.0,0.0,0.0,0.0,0.0,มี.ค. 2025
S1-RCS-3317,BPB08S-09,100.0,0.0,0.0,0.0,0.0,0.0,0.0,มี.ค. 2025
S1-RCS-3318,BPB11S-22,100.0,0.0,0.0,0.0,0.0,0.0,0.0,มี.ค. 2025
S1-RCS-3319,BPB11S-10,100.0,0.0,0.0,0.0,0.0,0.0,0.0,มี.ค. 2025
S1-RCS-3320,BPC02S-04,100.0,0.0,0.0,0.0,0.0,0.0,0.0,มี.ค. 2025
S1-RCS-3321,BPB04S-04,100.0,0.0,0.0,0.0,0.0,0.0,0.0,มี.ค. 2025
S1-RCS-3322,NOM01S-06,100.0,0.0,0.0,0.0,0.0,0.0,0.0,มี.ค. 2025
S1-RCS-3323,BPB09S-14,100.0,0.0,0.0,0.0,0.0,0.0,0.0,มี.ค. 2025
S1-RCS-3324,BPB01S-03,100.0,0.0,0.0,0.0,0.0,0.0,0.0,มี.ค. 2025
S1-RCS-3325,NOM04S-03,100.0,0.0,0.0,0.0,0.0,0.0,0.0,มี.ค. 2025
S1-RCS-3326,NOM02S-03,100.0,0.0,0.0,0.0,0.0,0.0,0.0,มี.ค. 2025
S1-RCS-3327,BPB05S-04,100.0,0.0,0.0,0.0,0.0,0.0,0.0,มี.ค. 2025
S1-RCS-3328,BPB11S-02,100.0,0.0,0.0,0.0,0.0,0.0,0.0,มี.ค. 2025
S1-RCS-3329,BPB02S-06,100.0,0.0,0.0,0.0,0.0,0.0,0.0,มี.ค. 2025
S1-RCS-3330,BPB10S-05,100.0,0.0,0.0,0.0,0.0,0.0,0.0,มี.ค. 2025
S1-RCS-3331,BPB09S-09,100.0,0.0,0.0,0.0,0.0,0.0,0.0,มี.ค. 2025
S1-RCS-3332,BPB05S-12,100.0,0.0,0.0,0.0,0.0,0.0,0.0,มี.ค. 2025
S1-RCS-3333,BPA04S-09,100.0,0.0,0.0,0.0,0.0,0.0,0.0,มี.ค. 2025
S1-RCS-3334,BPC09S-02,100.0,0.0,0.0,0.0,0.0,0.0,0.0,มี.ค. 2025
S1-RCS-3335,BPA01S-03,100.0,0.0,0.0,0.0,0.0,0.0,0.0,มี.ค. 2025
S1-RCS-3337,NOM02S-14,100.0,0.0,0.0,0.0,0.0,0.0,0.0,มี.ค. 2025
S1-RCS-3338,NOM03S-03,100.0,0.0,0.0,0.0,0.0,0.0,0.0,มี.ค. 2025
S1-RCS-3339,NOM02S-06,100.0,0.0,0.0,0.0,0.0,0.0,0.0,มี.ค. 2025
S1-REC-0001,CAB01R-01,100.0,0.0,0.0,0.0,0.0,0.0,0.0,มี.ค. 2025
S1-REC-0003,BSR02R-01,100.0,0.0,0.0,0.0,0.0,0.0,0.0,มี.ค. 2025
S1-REC-0004,BSR02R-02,100.0,0.0,0.0,0.0,0.0,0.0,0.0,มี.ค. 2025
S1-REC-0005,BSP04R-03,100.0,0.0,0.0,0.0,0.0,0.0,0.0,มี.ค. 2025
S1-REC-0006,BSR02R-05,100.0,0.0,0.0,0.0,0.0,0.0,0.0,มี.ค. 2025
S1-REC-0007,CAB09R-01,100.0,0.0,0.0,0.0,0.0,0.0,0.0,มี.ค. 2025
S1-REC-0011,CPA06R-03,100.0,0.0,0.0,0.0,0.0,0.0,0.0,มี.ค. 2025
S1-REC-0012,CPA02R-01,100.0,0.0,0.0,0.0,0.0,0.0,0.0,มี.ค. 2025
S1-REC-0015,DNA07R-01,100.0,0.0,0.0,0.0,0.0,0.0,0.0,มี.ค. 2025
S1-REC-0016,DNA09R-01,100.0,0.0,0.0,0.0,0.0,0.0,0.0,มี.ค. 2025
S1-REC-0017,KDA01R-02,100.0,0.0,0.0,0.0,0.0,0.0,0.0,มี.ค. 2025
S1-REC-0020,KHY02R-01,100.0,0.0,0.0,0.0,0.0,0.0,0.0,มี.ค. 2025
S1-REC-0021,LSA06R-01,100.0,0.0,0.0,0.0,0.0,0.0,0.0,มี.ค. 2025
S1-REC-0022,LSA04R-01,100.0,0.0,0.0,0.0,0.0,0.0,0.0,มี.ค. 2025
S1-REC-0023,LSA09R-01,100.0,0.0,0.0,0.0,0.0,0.0,0.0,มี.ค. 2025
S1-REC-0024,LSA10R-01,100.0,0.0,0.0,0.0,0.0,0.0,0.0,มี.ค. 2025
S1-REC-0025,LSA01R-01,100.0,0.0,0.0,0.0,0.0,0.0,0.0,มี.ค. 2025
S1-REC-0026,LSA09R-05,100.0,0.0,0.0,0.0,0.0,0.0,0.0,มี.ค. 2025
S1-REC-0027,LSA05R-01,100.0,0.0,0.0,0.0,0.0,0.0,0.0,มี.ค. 2025
S1-REC-0028,PBA01R-01,100.0,0.0,0.0,0.0,0.0,0.0,0.0,มี.ค. 2025
S1-REC-0029,PBA11R-02,100.0,0.0,0.0,0.0,0.0,0.0,0.0,มี.ค. 2025
S1-REC-0030,PBA11R-01,100.0,0.0,0.0,0.0,0.0,0.0,0.0,มี.ค. 2025
S1-REC-0031,PBB04R-02,100.0,0.0,0.0,0.0,0.0,0.0,0.0,มี.ค. 2025
S1-REC-0032,PBB01R-01,100.0,0.0,0.0,0.0,0.0,0.0,0.0,มี.ค. 2025
S1-REC-0033,PBB01R-02,100.0,0.0,0.0,0.0,0.0,0.0,0.0,มี.ค. 2025
S1-REC-0036,PDA10R-01,100.0,0.0,0.0,0.0,0.0,0.0,0.0,มี.ค. 2025
S1-REC-0037,KUA10R-01,100.0,0.0,0.0,0.0,0.0,0.0,0.0,มี.ค. 2025
S1-REC-0038,PNA10R-01,100.0,0.0,0.0,0.0,0.0,0.0,0.0,มี.ค. 2025
S1-REC-0039,PTH01R-01,100.0,0.0,0.0,0.0,0.0,0.0,0.0,มี.ค. 2025
S1-REC-0040,PTR01R-02,100.0,0.0,0.0,0.0,0.0,0.0,0.0,มี.ค. 2025
S1-REC-0041,PTS02R-01,100.0,0.0,0.0,0.0,0.0,0.0,0.0,มี.ค. 2025
S1-REC-0042,PTS07R-01,100.0,0.0,0.0,0.0,0.0,0.0,0.0,มี.ค. 2025
S1-REC-0044,RBB09R-01,100.0,0.0,0.0,0.0,0.0,0.0,0.0,มี.ค. 2025
S1-REC-0045,CBN05R-04,100.0,0.0,0.0,0.0,0.0,0.0,0.0,มี.ค. 2025
S1-REC-0046,RBC03R-01,100.0,0.0,0.0,0.0,0.0,0.0,0.0,มี.ค. 2025
S1-REC-0047,CBN05R-01,100.0,0.0,0.0,0.0,0.0,0.0,0.0,มี.ค. 2025
S1-REC-0048,RBB05R-01,100.0,0.0,0.0,0.0,0.0,0.0,0.0,มี.ค. 2025
S1-REC-0049,CBN06R-01,100.0,0.0,0.0,0.0,0.0,0.0,0.0,มี.ค. 2025
S1-REC-0050,XPA04R-01,100.0,0.0,0.0,0.0,0.0,0.0,0.0,มี.ค. 2025
S1-REC-0051,CPA10R-02,100.0,0.0,0.0,0.0,0.0,0.0,0.0,มี.ค. 2025
S1-REC-0052,RNA03R-01,100.0,0.0,0.0,0.0,0.0,0.0,0.0,มี.ค. 2025
S1-REC-0053,CPA10R-05,100.0,0.0,0.0,0.0,0.0,0.0,0.0,มี.ค. 2025
S1-REC-0054,RNA04R-01,100.0,0.0,0.0,0.0,0.0,0.0,0.0,มี.ค. 2025
S1-REC-0055,RNA05R-02,100.0,0.0,0.0,0.0,0.0,0.0,0.0,มี.ค. 2025
S1-REC-0056,CPA08R-05,100.0,0.0,0.0,0.0,0.0,0.0,0.0,มี.ค. 2025
S1-REC-0057,RNB05R-02,100.0,0.0,0.0,0.0,0.0,0.0,0.0,มี.ค. 2025
S1-REC-0058,PTS09R-01,100.0,0.0,0.0,0.0,0.0,0.0,0.0,มี.ค. 2025
S1-REC-0059,RNB10R-01,100.0,0.0,0.0,0.0,0.0,0.0,0.0,มี.ค. 2025
S1-REC-0060,SSA10R-01,100.0,0.0,0.0,0.0,0.0,0.0,0.0,มี.ค. 2025
S1-REC-0061,PTH09R-01,100.0,0.0,0.0,0.0,0.0,0.0,0.0,มี.ค. 2025
S1-REC-0062,DNA01R-01,100.0,0.0,0.0,0.0,0.0,0.0,0.0,มี.ค. 2025
S1-REC-0063,DNA08R-02,100.0,0.0,0.0,0.0,0.0,0.0,0.0,มี.ค. 2025
S1-REC-0064,DNA01R-02,100.0,0.0,0.0,0.0,0.0,0.0,0.0,มี.ค. 2025
S1-REC-0065,DNA06R-01,100.0,0.0,0.0,0.0,0.0,0.0,0.0,มี.ค. 2025
S1-REC-0066,RBB09R-04,100.0,0.0,0.0,0.0,0.0,0.0,0.0,มี.ค. 2025
S1-REC-0067,RBB04R-02,100.0,0.0,0.0,0.0,0.0,0.0,0.0,มี.ค. 2025
S1-REC-0068,RBC04R-02,100.0,0.0,0.0,0.0,0.0,0.0,0.0,มี.ค. 2025
S1-REC-0069,RBB04R-01,100.0,0.0,0.0,0.0,0.0,0.0,0.0,มี.ค. 2025
S1-REC-0070,RBB07R-01,100.0,0.0,0.0,0.0,0.0,0.0,0.0,มี.ค. 2025
S1-REC-0071,PTS05R-01,100.0,0.0,0.0,0.0,0.0,0.0,0.0,มี.ค. 2025
S1-REC-0076,CBN02R-02,100.0,0.0,0.0,0.0,0.0,0.0,0.0,มี.ค. 2025
S1-REC-0077,DNA08R-01,100.0,0.0,0.0,0.0,0.0,0.0,0.0,มี.ค. 2025
S1-REC-0078,PTH04R-01,100.0,0.0,0.0,0.0,0.0,0.0,0.0,มี.ค. 2025
S1-REC-0079,PBA07R-01,100.0,0.0,0.0,0.0,0.0,0.0,0.0,มี.ค. 2025
S1-REC-0081,KDA01R-04,100.0,0.0,0.0,0.0,0.0,0.0,0.0,มี.ค. 2025
S1-REC-0082,PBA06R-01,100.0,0.0,0.0,0.0,0.0,0.0,0.0,มี.ค. 2025
S1-REC-0083,KDA02R-01,100.0,0.0,0.0,0.0,0.0,0.0,0.0,มี.ค. 2025
S1-REC-0085,CAB07R-01,100.0,0.0,0.0,0.0,0.0,0.0,0.0,มี.ค. 2025
S1-REC-0086,KUA04R-01,100.0,0.0,0.0,0.0,0.0,0.0,0.0,มี.ค. 2025
S1-REC-0087,PDA04R-01,100.0,0.0,0.0,0.0,0.0,0.0,0.0,มี.ค. 2025
S1-REC-0089,BSP07R-01,100.0,0.0,0.0,0.0,0.0,0.0,0.0,มี.ค. 2025
S1-REC-0090,TSE01R-02,100.0,0.0,0.0,0.0,0.0,0.0,0.0,มี.ค. 2025
S1-REC-0092,TSE04R-01,100.0,0.0,0.0,0.0,0.0,0.0,0.0,มี.ค. 2025
S1-REC-0094,CPA04R-03,100.0,0.0,0.0,0.0,0.0,0.0,0.0,มี.ค. 2025
S1-REC-0095,CPA10R-01,100.0,0.0,0.0,0.0,0.0,0.0,0.0,มี.ค. 2025
S1-REC-0096,CPA04R-01,100.0,0.0,0.0,0.0,0.0,0.0,0.0,มี.ค. 2025
S1-REC-0097,CPB07R-03,100.0,0.0,0.0,0.0,0.0,0.0,0.0,มี.ค. 2025
S1-REC-0098,CPB09R-03,100.0,0.0,0.0,0.0,0.0,0.0,0.0,มี.ค. 2025
S1-REC-0100,LSA01R-03,100.0,0.0,0.0,0.0,0.0,0.0,0.0,มี.ค. 2025
S1-REC-0101,KUR01R-03,100.0,0.0,0.0,0.0,0.0,0.0,0.0,มี.ค. 2025
S1-REC-0102,LSA07R-04,100.0,0.0,0.0,0.0,0.0,0.0,0.0,มี.ค. 2025
S1-REC-0103,LSA09R-04,100.0,0.0,0.0,0.0,0.0,0.0,0.0,มี.ค. 2025
S1-REC-0104,RNA03R-02,100.0,0.0,0.0,0.0,0.0,0.0,0.0,มี.ค. 2025
S1-REC-0110,PNA04R-01,100.0,0.0,0.0,0.0,0.0,0.0,0.0,มี.ค. 2025
S1-REC-0111,TSE09R-01,100.0,0.0,0.0,0.0,0.0,0.0,0.0,มี.ค. 2025
S1-REC-0129,BSR01R-07,100.0,0.0,0.0,0.0,0.0,0.0,0.0,มี.ค. 2025
S1-REC-0130,RBA07R-01,100.0,0.0,0.0,0.0,0.0,0.0,0.0,มี.ค. 2025
S1-REC-0131,DNA09R-02,100.0,0.0,0.0,0.0,0.0,0.0,0.0,มี.ค. 2025
S1-REC-0132,SSA05R-01,100.0,0.0,0.0,0.0,0.0,0.0,0.0,มี.ค. 2025
S1-REC-0133,PTH04R-02,100.0,0.0,0.0,0.0,0.0,0.0,0.0,มี.ค. 2025
S1-REC-0134,HUC05R-01,100.0,0.0,0.0,0.0,0.0,0.0,0.0,มี.ค. 2025
S1-REC-0135,DNA05R-02,100.0,0.0,0.0,0.0,0.0,0.0,0.0,มี.ค. 2025
S1-REC-0136,HUB08R-01,100.0,0.0,0.0,0.0,0.0,0.0,0.0,มี.ค. 2025
S1-REC-0137,PNA09R-02,100.0,0.0,0.0,0.0,0.0,0.0,0.0,มี.ค. 2025
S1-REC-0138,KDA01R-08,100.0,0.0,0.0,0.0,0.0,0.0,0.0,มี.ค. 2025
S1-REC-0139,KUA07R-02,100.0,0.0,0.0,0.0,0.0,0.0,0.0,มี.ค. 2025
S1-REC-0140,PDA03R-01,100.0,0.0,0.0,0.0,0.0,0.0,0.0,มี.ค. 2025
S1-REC-0141,RBC02R-01,100.0,0.0,0.0,0.0,0.0,0.0,0.0,มี.ค. 2025
S1-REC-0142,RBB09R-02,100.0,0.0,0.0,0.0,0.0,0.0,0.0,มี.ค. 2025
S1-REC-0144,CPA02R-08,100.0,0.0,0.0,0.0,0.0,0.0,0.0,มี.ค. 2025
S1-REC-0146,CPA09R-02,100.0,0.0,0.0,0.0,0.0,0.0,0.0,มี.ค. 2025
S1-REC-0147,CPA10R-04,100.0,0.0,0.0,0.0,0.0,0.0,0.0,มี.ค. 2025
S1-REC-0148,HUC03R-02,100.0,0.0,0.0,0.0,0.0,0.0,0.0,มี.ค. 2025
S1-REC-0149,PBB04R-01,100.0,0.0,0.0,0.0,0.0,0.0,0.0,มี.ค. 2025
S1-REC-0150,LSA07R-02,100.0,0.0,0.0,0.0,0.0,0.0,0.0,มี.ค. 2025
S1-REC-0151,CBN03R-02,100.0,0.0,0.0,0.0,0.0,0.0,0.0,มี.ค. 2025
S1-REC-0152,PTR02R-02,100.0,0.0,0.0,0.0,0.0,0.0,0.0,มี.ค. 2025
S1-REC-0153,RBB04R-03,100.0,0.0,0.0,0.0,0.0,0.0,0.0,มี.ค. 2025
S1-REC-0154,PBB04R-03,100.0,0.0,0.0,0.0,0.0,0.0,0.0,มี.ค. 2025
S1-REC-0155,CAB03R-02,100.0,0.0,0.0,0.0,0.0,0.0,0.0,มี.ค. 2025
S1-REC-0156,KUA09R-03,100.0,0.0,0.0,0.0,0.0,0.0,0.0,มี.ค. 2025
S1-REC-0157,CPA01R-01,100.0,0.0,0.0,0.0,0.0,0.0,0.0,มี.ค. 2025
S1-REC-0158,CAB09R-02,100.0,0.0,0.0,0.0,0.0,0.0,0.0,มี.ค. 2025
S1-REC-0159,CAB10R-02,100.0,0.0,0.0,0.0,0.0,0.0,0.0,มี.ค. 2025
S1-REC-0160,KUR08R-03,100.0,0.0,0.0,0.0,0.0,0.0,0.0,มี.ค. 2025
S1-REC-0161,PBA05R-01,100.0,0.0,0.0,0.0,0.0,0.0,0.0,มี.ค. 2025
S1-REC-0163,RBB08R-02,100.0,0.0,0.0,0.0,0.0,0.0,0.0,มี.ค. 2025
S1-REC-0164,PBA06R-02,100.0,0.0,0.0,0.0,0.0,0.0,0.0,มี.ค. 2025
S1-REC-0165,HUU03R-04,100.0,0.0,0.0,0.0,0.0,0.0,0.0,มี.ค. 2025
S1-REC-0166,TSE05R-01,100.0,0.0,0.0,0.0,0.0,0.0,0.0,มี.ค. 2025
S1-REC-0167,LSA03R-05,100.0,0.0,0.0,0.0,0.0,0.0,0.0,มี.ค. 2025
S1-REC-0168,LSA09R-07,100.0,0.0,0.0,0.0,0.0,0.0,0.0,มี.ค. 2025
S1-REC-0169,LSA10R-05,100.0,0.0,0.0,0.0,0.0,0.0,0.0,มี.ค. 2025
S1-REC-0170,CPA08R-02,100.0,0.0,0.0,0.0,0.0,0.0,0.0,มี.ค. 2025
S1-REC-0171,XPA04R-02,100.0,0.0,0.0,0.0,0.0,0.0,0.0,มี.ค. 2025
S1-REC-0172,XPA01R-03,100.0,0.0,0.0,0.0,0.0,0.0,0.0,มี.ค. 2025
S1-REC-0173,PTH04R-05,100.0,0.0,0.0,0.0,0.0,0.0,0.0,มี.ค. 2025
S1-REC-0174,RNA06R-01,100.0,0.0,0.0,0.0,0.0,0.0,0.0,มี.ค. 2025
S1-REC-0175,RNB04R-01,100.0,0.0,0.0,0.0,0.0,0.0,0.0,มี.ค. 2025
S1-REC-0176,RNB09R-03,100.0,0.0,0.0,0.0,0.0,0.0,0.0,มี.ค. 2025
S1-REC-0177,RBB03BR-01,100.0,0.0,0.0,0.0,0.0,0.0,0.0,มี.ค. 2025
S1-REC-0178,RBB04BR-01,100.0,0.0,0.0,0.0,0.0,0.0,0.0,มี.ค. 2025
S1-REC-0179,RBB07BR-01,100.0,0.0,0.0,0.0,0.0,0.0,0.0,มี.ค. 2025
S1-REC-0180,RBB08BR-01,100.0,0.0,0.0,0.0,0.0,0.0,0.0,มี.ค. 2025
S1-REC-0181,RNA03R-03,100.0,0.0,0.0,0.0,0.0,0.0,0.0,มี.ค. 2025
S1-REC-0182,RNA05R-03,100.0,0.0,0.0,0.0,0.0,0.0,0.0,มี.ค. 2025
S1-REC-0185,KHY06R-03,100.0,0.0,0.0,0.0,0.0,0.0,0.0,มี.ค. 2025
S1-REC-0186,CPA08R-03,100.0,0.0,0.0,0.0,0.0,0.0,0.0,มี.ค. 2025
S1-REC-0188,BSP01R-02,100.0,0.0,0.0,0.0,0.0,0.0,0.0,มี.ค. 2025
S1-REC-0190,BSP09R-01,100.0,0.0,0.0,0.0,0.0,0.0,0.0,มี.ค. 2025
S1-REC-0191,RNA03R-04,100.0,0.0,0.0,0.0,0.0,0.0,0.0,มี.ค. 2025
S1-REC-0192,RNA05R-01,100.0,0.0,0.0,0.0,0.0,0.0,0.0,มี.ค. 2025
S1-REC-0193,RNB09R-01,100.0,0.0,0.0,0.0,0.0,0.0,0.0,มี.ค. 2025
S1-REC-0194,CBN02R-01 ,100.0,0.0,0.0,0.0,0.0,0.0,0.0,มี.ค. 2025
S1-REC-0195,RNB05R-03,100.0,0.0,0.0,0.0,0.0,0.0,0.0,มี.ค. 2025
S1-REC-0200,XPA02R-03,88.98201531519496,317.0,468.064,23.0,214.905,319.0,5991.78,มี.ค. 2025
S1-REC-0201,XPA01R-05,67.83994327902515,55.0,110.562,50.0,207.27700000000002,55.0,896.874,มี.ค. 2025
S1-REC-0202,XPA02R-04,48.517060515365785,62.0,149.846,28.0,215.349,61.0,639.718,มี.ค. 2025
S1-REC-0203,XPA01R-01,56.46183847907962,232.0,357.765,31.0,237.61,234.0,6637.342,มี.ค. 2025
S1-REC-0204,TSE07R-02,57.01200662092193,239.0,387.001,81.0,637.79,240.0,6012.831,มี.ค. 2025
S1-REC-0205,QTA10R-01,49.78448060911351,247.0,410.06,71.0,578.895,247.0,6210.79,มี.ค. 2025
S1-REC-0206,TSE07R-03,62.329264624950135,239.0,471.222,43.0,296.432,239.0,6513.377,มี.ค. 2025
S1-REC-0207,BSR07R-02,57.251851997446465,250.0,300.847,64.0,400.16700000000003,252.0,5975.912,มี.ค. 2025
S1-REC-0208,BSR02R-04 ,100.0,0.0,0.0,0.0,0.0,0.0,0.0,มี.ค. 2025
S1-REC-0209,BSP09R-02,59.05785089706487,239.0,368.534,64.0,377.959,240.0,6245.893,มี.ค. 2025
S1-REC-0210,BSP04R-05,66.4124426055894,51.0,43.917,36.0,315.93399999999997,51.0,401.941,มี.ค. 2025
S1-REC-0211,RNA05R-07,66.21968219396553,45.0,40.753,44.0,227.11499999999998,46.0,186.255,มี.ค. 2025
S1-REC-0212,CPA02R-09,66.33170559386049,63.0,51.849,72.0,473.084,63.0,430.051,มี.ค. 2025
S1-REC-0213,LSA09R-03,98.52462855472828,58.0,39.741,72.0,367.278,57.0,261.669,มี.ค. 2025
S1-REC-0214,CPA09R-04,100.0,0.0,0.0,0.0,0.0,0.0,0.0,มี.ค. 2025
S1-REC-0215,LSA07R-07,98.01652452427263,72.0,53.804,93.0,627.9639999999999,71.0,255.29,มี.ค. 2025
S1-REC-0216,LSA07R-05 ,30.960014297181935,23.0,283.866,17.0,195.346,22.0,220.016,มี.ค. 2025
S1-REC-0217,RNA04R-03,59.09925207426496,229.0,399.803,41.0,321.914,228.0,6748.223,มี.ค. 2025
S1-REC-0218,BSP04R-04,56.78185565552416,244.0,674.48,29.0,242.896,245.0,6759.568,มี.ค. 2025
S1-REC-0219,BSP07R-04,55.74818598405975,245.0,400.177,16.0,152.628,246.0,7001.589,มี.ค. 2025
S1-REC-0220,KDA02R-02,57.320527209734806,230.0,356.881,19.0,173.915,233.0,6174.809,มี.ค. 2025
S1-REC-0300,BSP02R-02,57.10169698449518,3.0,5.1370000000000005,1.0,7.137,3.0,58.002,มี.ค. 2025
S1-REC-0301,BSP02R-03,18.41164909773093,2.0,3.025,0.0,0.0,2.0,6.108,มี.ค. 2025
S1-REC-0302,BSR02R-07,69.10274519437449,1.0,7.674,2.0,16.375999999999998,1.0,6.136,มี.ค. 2025
S1-REC-0303,BSP05R-01,90.20455929755884,6.0,11.328,0.0,0.0,6.0,17.298000000000002,มี.ค. 2025
S1-REC-0304,BSP06R-02,63.76154635648306,4.0,17.314,0.0,0.0,4.0,8.108,มี.ค. 2025
S1-REC-0305,PTH03R-01,39.59520626656347,7.0,43.711,17.0,325.929,7.0,68.212,มี.ค. 2025
S1-REC-0306,BSP07R-05,42.89497290125745,2.0,9.184,1.0,116.971,2.0,86.47099999999999,มี.ค. 2025
S1-REC-0307,BSP10R-02,92.51041891613487,8.0,19.491,0.0,0.0,7.0,40.856,มี.ค. 2025
S1-REC-0308,BSR01R-04,55.11155733242967,7.0,97.568,20.0,193.988,7.0,206.51,มี.ค. 2025
S1-REC-0309,BSR01R-05,10.775634389063786,1.0,2.867,0.0,0.0,1.0,39.362,มี.ค. 2025
S1-REC-0310,BSR02R-06,100.0,0.0,0.0,0.0,0.0,0.0,0.0,มี.ค. 2025
S1-REC-0311,PTH06R-02,0.28694404591104733,2.0,11.191999999999998,0.0,0.0,1.0,4.098,มี.ค. 2025
S1-REC-0312,PBA01R-02,4.725461530573143,178.0,43738.274,12.0,43317.593,181.0,4252.381,มี.ค. 2025
S1-REC-0313,CAB01R-05,71.75677686003868,3.0,9.099,1.0,6.031,2.0,28.536,มี.ค. 2025
S1-REC-0314,CAA06R-01,41.41600468100721,1.0,2.033,1.0,9.241,2.0,47.798,มี.ค. 2025
S1-REC-0315,CAB06R-03,34.06576518609714,5.0,24.443,8.0,189.91199999999998,4.0,176.066,มี.ค. 2025
S1-REC-0316,CAB07R-02,30.412770809578106,3.0,34.427,3.0,26.658,2.0,91.485,มี.ค. 2025
S1-REC-0317,CAB02R-02,62.44336040466864,3.0,17.392,2.0,16.365000000000002,2.0,22.522000000000002,มี.ค. 2025
S1-REC-0318,CBN04R-01,65.85726386420635,3.0,11.469999999999999,0.0,0.0,3.0,9.087,มี.ค. 2025
S1-REC-0319,XPA05R-01,44.388272978338144,29.0,132.685,1.0,5.113,32.0,678.5409999999999,มี.ค. 2025
S1-REC-0320,XPA02R-02,92.18927914513445,2.0,6.122999999999999,0.0,0.0,2.0,1.011,มี.ค. 2025
S1-REC-0321,XPA01R-02,78.19439768756602,5.0,17.242,0.0,0.0,5.0,20.326,มี.ค. 2025
S1-REC-0322,XPA01R-04,40.51409185803758,2.0,4.028,0.0,0.0,2.0,5.09,มี.ค. 2025
S1-REC-0323,XPA05R-04,91.65290585636012,4.0,14.221,0.0,0.0,3.0,11.205,มี.ค. 2025
S1-REC-0324,RNA07BR-01,0.0,34.0,710.984,0.0,0.0,34.0,448.737,มี.ค. 2025
S1-REC-0325,CPA02R-06,100.0,0.0,0.0,0.0,0.0,0.0,0.0,มี.ค. 2025
S1-REC-0326,CPA02R-07,53.42577033929425,3.0,11.23,0.0,0.0,3.0,30.622999999999998,มี.ค. 2025
S1-REC-0327,CPA02R-11,33.32909454366038,12.0,45.915,0.0,0.0,11.0,216.231,มี.ค. 2025
S1-REC-0328,CPA03R-03,88.70167925166234,2.0,1.0199999999999998,0.0,0.0,2.0,2.9899999999999998,มี.ค. 2025
S1-REC-0329,CPA03R-04,44.364429896344795,3.0,4.994,0.0,0.0,3.0,5.204000000000001,มี.ค. 2025
S1-REC-0330,PNA08R-02,77.34210271959562,21.0,35.869,2.0,52.964999999999996,20.0,164.339,มี.ค. 2025
S1-REC-0331,CPA09R-01,87.22269794487812,2.0,7.218,3.0,10.159,2.0,8.288,มี.ค. 2025
S1-REC-0332,CPA09R-03,81.58146208318972,4.0,56.664,1.0,1.01,3.0,8.052,มี.ค. 2025
S1-REC-0333,CPA10R-06,82.67053659100098,2.0,8.83,1.0,1.053,1.0,2.118,มี.ค. 2025
S1-REC-0334,CPA10R-07,70.85714285714285,2.0,2.945,0.0,0.0,3.0,16.333,มี.ค. 2025
S1-REC-0335,PBA05R-02,78.34350932692249,1.0,2.908,3.0,101.648,1.0,2.102,มี.ค. 2025
S1-REC-0336,CPB09R-02,69.86875945119596,4.0,13.058,0.0,0.0,4.0,14.24,มี.ค. 2025
S1-REC-0337,DNA01R-03,56.13696808510639,10.0,59.844,12.0,50.057,9.0,120.994,มี.ค. 2025
S1-REC-0338,HUB01R-08,13.75337867294446,7.0,15.111,0.0,0.0,7.0,64.02199999999999,มี.ค. 2025
S1-REC-0339,DNA07R-02,56.874489090108796,4.0,11.149,5.0,17.302999999999997,4.0,26.414,มี.ค. 2025
S1-REC-0340,DNA09R-03,54.70294894138353,3.0,7.074,4.0,16.335,3.0,2.8419999999999996,มี.ค. 2025
S1-REC-0341,HUB01R-04,67.69461162620222,47.0,76.032,2.0,8.354,47.0,223.663,มี.ค. 2025
S1-REC-0342,HUB01R-06,56.32565348445805,6.0,9.228,1.0,2.06,6.0,34.643,มี.ค. 2025
S1-REC-0343,HUB01R-07,48.0479870825799,45.0,78.378,1.0,1.389,45.0,250.347,มี.ค. 2025
S1-REC-0344,HUB02R-01,68.89081019275129,46.0,116.952,0.0,0.0,47.0,148.592,มี.ค. 2025
S1-REC-0345,HUB06R-01,63.923121392047236,48.0,50.461,0.0,0.0,47.0,255.954,มี.ค. 2025
S1-REC-0346,HUC08R-01,92.44831406651755,1.0,6.141,0.0,0.0,1.0,1.084,มี.ค. 2025
S1-REC-0347,HUC07R-01,31.798392498325523,1.0,1.913,0.0,0.0,1.0,51.036,มี.ค. 2025
S1-REC-0348,KDA01R-01,48.0029225523624,1.0,1.076,0.0,0.0,1.0,1.059,มี.ค. 2025
S1-REC-0349,KDA02BR-01,54.569498697916664,2.0,5.99,0.0,0.0,2.0,61.0,มี.ค. 2025
S1-REC-0350,KDA04BR-01,73.32770391898879,3.0,8.197,0.0,0.0,4.0,30.492,มี.ค. 2025
S1-REC-0351,KDA02R-03,25.409447672006742,48.0,89.275,0.0,0.0,50.0,315.287,มี.ค. 2025
S1-REC-0352,KDA03BR-01,24.992320452171775,2.0,8.039,0.0,0.0,5.0,64.149,มี.ค. 2025
S1-REC-0353,KHY02R-02,27.46321890325457,1.0,3.058,0.0,0.0,1.0,5.077,มี.ค. 2025
S1-REC-0354,KHY06R-01,60.76976878347126,2.0,7.002,3.0,33.309,2.0,36.532000000000004,มี.ค. 2025
S1-REC-0355,KHY06R-02,23.331310513741503,4.0,32.429,0.0,0.0,1.0,107.808,มี.ค. 2025
S1-REC-0356,PBA12R-01,54.34555089180466,10.0,82.67399999999999,14.0,112.54599999999999,10.0,53.426,มี.ค. 2025
S1-REC-0357,LSA01R-05,100.0,0.0,0.0,0.0,0.0,0.0,0.0,มี.ค. 2025
S1-REC-0358,LSA01R-06,100.0,0.0,0.0,0.0,0.0,0.0,0.0,มี.ค. 2025
S1-REC-0359,LSA06R-02,80.93756758105567,5.0,24.479,3.0,30.528,4.0,25.206,มี.ค. 2025
S1-REC-0360,LSA04R-03,88.37166034084989,2.0,6.184,0.0,0.0,1.0,3.191,มี.ค. 2025
S1-REC-0361,LSA04R-02,83.39499773332652,10.0,57.336999999999996,31.0,201.073,10.0,56.962,มี.ค. 2025
S1-REC-0362,LSA05R-03,58.316980905230345,6.0,17.831999999999997,3.0,43.688,5.0,35.556,มี.ค. 2025
S1-REC-0363,LSA07R-01,89.34205897118642,1.0,3.001,0.0,0.0,1.0,50.922,มี.ค. 2025
S1-REC-0364,LSA07R-06,0.0,0.0,0.0,2.0,115.98,0.0,0.0,มี.ค. 2025
S1-REC-0365,LSA07R-08,33.46415208626466,3.0,10.069,2.0,0.934,3.0,94.44900000000001,มี.ค. 2025
S1-REC-0366,LSA10R-03,100.0,0.0,0.0,0.0,0.0,0.0,0.0,มี.ค. 2025
S1-REC-0367,LSA10R-04,89.95889853690014,1.0,2.969,0.0,0.0,1.0,4.189,มี.ค. 2025
S1-REC-0368,PBA02R-01,51.096669243394246,5.0,78.884,7.0,151.298,5.0,72.847,มี.ค. 2025
S1-REC-0369,PBA02R-03,99.36734960876758,8.0,23.362,9.0,116.409,8.0,138.184,มี.ค. 2025
S1-REC-0370,PBA05R-03,52.25609536823935,3.0,63.934,4.0,33.858000000000004,3.0,8.421,มี.ค. 2025
S1-REC-0371,KDA01BR-01,43.19052472498506,2.0,3.9879999999999995,0.0,0.0,2.0,12.176,มี.ค. 2025
S1-REC-0372,PBA11R-03,48.38850815902851,3.0,50.999,6.0,134.35399999999998,3.0,45.851,มี.ค. 2025
S1-REC-0373,PBB01R-03,50.35632647572946,1.0,7.063,0.0,0.0,1.0,4.013,มี.ค. 2025
S1-REC-0374,PBB01R-05,63.607572665212196,1.0,4.067,0.0,0.0,1.0,1.104,มี.ค. 2025
S1-REC-0375,PBB05R-03,66.33822134010666,2.0,1.968,7.0,39.554,2.0,39.717000000000006,มี.ค. 2025
S1-REC-0376,PDA02R-01,79.63236548352496,7.0,39.829,0.0,0.0,7.0,30.62,มี.ค. 2025
S1-REC-0377,PTH03R-02,60.92794135718369,2.0,5.149,13.0,129.981,2.0,11.13,มี.ค. 2025
S1-REC-0378,PDA10R-02,12.911757634046648,1.0,0.465,0.0,0.0,1.0,3.157,มี.ค. 2025
S1-REC-0379,PDA07R-01,66.6097131614373,2.0,14.242,0.0,0.0,2.0,5.1049999999999995,มี.ค. 2025
S1-REC-0380,PTH10R-01,61.64997364259357,4.0,13.107,1.0,11.199,4.0,19.344,มี.ค. 2025
S1-REC-0381,PTH05R-01,16.62671344825332,10.0,27.498,0.0,0.0,9.0,49.017,มี.ค. 2025
S1-REC-0382,RBB04R-06,89.22586073907861,5.0,13.317,0.0,0.0,4.0,14.34,มี.ค. 2025
S1-REC-0383,PTS01R-02,48.781604095911234,7.0,108.458,10.0,197.647,6.0,95.648,มี.ค. 2025
S1-REC-0384,PTS07R-02,58.674280537152455,11.0,46.614000000000004,13.0,165.636,12.0,72.378,มี.ค. 2025
S1-REC-0385,RBB03R-02,78.21510543680964,2.0,7.074,0.0,0.0,2.0,5.075,มี.ค. 2025
S1-REC-0386,PTH01R-02,51.990321573524824,2.0,0.903,2.0,10.219999999999999,2.0,1.1789999999999998,มี.ค. 2025
S1-REC-0387,RBB04R-04,91.34532350072368,271.0,763.924,2.0,18.413,6.0,132.38,มี.ค. 2025
S1-REC-0388,RBB04R-05,37.2648865709902,11.0,180.32,11.0,178.68,10.0,237.163,มี.ค. 2025
S1-REC-0389,RBB07R-02,26.741064916119623,5.0,21.559,2.0,7.304,5.0,21.356,มี.ค. 2025
S1-REC-0390,RBB07R-03,51.05189813039534,8.0,42.889,4.0,32.737,8.0,186.053,มี.ค. 2025
S1-REC-0391,RBB09R-03,82.56119369621102,0.0,0.0,2.0,12.482,0.0,0.0,มี.ค. 2025
S1-REC-0392,HUC05R-03,100.0,0.0,0.0,0.0,0.0,0.0,0.0,มี.ค. 2025
S1-REC-0393,RNA04R-04,54.1526121269831,2.0,4.902,0.0,0.0,2.0,51.913,มี.ค. 2025
S1-REC-0394,CAB02R-01,100.0,0.0,0.0,0.0,0.0,0.0,0.0,มี.ค. 2025
S1-REC-0395,RNA05R-06,48.50013049018253,2.0,9.105,0.0,0.0,2.0,57.988,มี.ค. 2025
S1-REC-0396,RNA04R-02,100.0,0.0,0.0,0.0,0.0,0.0,0.0,มี.ค. 2025
S1-REC-0397,LSA07R-03,87.94795674169217,1.0,3.009,0.0,0.0,1.0,4.948,มี.ค. 2025
S1-REC-0398,RNA05R-05,56.19113797663059,2.0,9.658,0.0,0.0,2.0,120.21600000000001,มี.ค. 2025
S1-REC-0399,RNB04R-03,92.78254311864885,1.0,3.109,0.0,0.0,1.0,10.194,มี.ค. 2025
S1-REC-0400,PNA08R-01,100.0,0.0,0.0,0.0,0.0,0.0,0.0,มี.ค. 2025
S1-REC-0401,RNB04R-02,69.38741509065723,3.0,3.295,0.0,0.0,3.0,61.015,มี.ค. 2025
S1-REC-0402,RNB04R-04,12.035899636184105,2.0,5.031,1.0,56.046,2.0,88.586,มี.ค. 2025
S1-REC-0403,KUA04R-02,100.0,0.0,0.0,0.0,0.0,0.0,0.0,มี.ค. 2025
S1-REC-0404,CPA02R-10,51.38874165164847,3.0,6.982,0.0,0.0,3.0,11.36,มี.ค. 2025
S1-REC-0405,SME09R-01,34.57731953466748,7.0,254.69899999999998,0.0,0.0,0.0,0.0,มี.ค. 2025
S1-REC-0406,SSA07R-01,69.42179003294709,16.0,117.54,1.0,19.379,16.0,352.747,มี.ค. 2025
S1-REC-0407,SSA07R-02,42.95019962176927,1.0,4.051,0.0,0.0,1.0,4.094,มี.ค. 2025
S1-REC-0408,QTA02R-01,100.0,0.0,0.0,0.0,0.0,0.0,0.0,มี.ค. 2025
S1-REC-0409,TSE01R-01,49.940452560539896,2.0,2.962,0.0,0.0,2.0,7.126,มี.ค. 2025
S1-REC-0410,TSE07R-04,33.67659947414548,1.0,4.094,0.0,0.0,1.0,1.96,มี.ค. 2025
S1-REC-0411,TSE09R-03,25.03828483920368,2.0,9.306000000000001,1.0,2.011,2.0,10.221,มี.ค. 2025
S1-REC-0412,TSE10R-01,43.26193914070765,102.0,230.532,1.0,0.007,109.0,2998.31,มี.ค. 2025
S1-REC-0413,TSE10R-02,100.0,0.0,0.0,0.0,0.0,0.0,0.0,มี.ค. 2025
S1-REC-0414,TSE10R-03,9.830318328425186,1.0,0.94,0.0,0.0,1.0,18.35,มี.ค. 2025
S1-REC-0500,PTR09R-01,54.35134126622165,10.0,84.289,4.0,36.711999999999996,10.0,132.22899999999998,มี.ค. 2025
S1-REC-0501,PTR07R-01,35.26030226773532,12.0,79.331,3.0,15.297999999999998,13.0,127.904,มี.ค. 2025
S1-REC-0502,PTR10R-01,61.06560377953157,9.0,39.156,2.0,0.02,9.0,83.122,มี.ค. 2025
S1-REC-0503,PTH09R-02,49.91063848188876,25.0,214.18,12.0,188.296,22.0,512.581,มี.ค. 2025
S1-REC-0504,KHZ07R-01,91.59865087300149,5.0,18.131,1.0,1.867,4.0,26.806,มี.ค. 2025
S1-REC-0505,PTH07R-01,69.25186277847119,5.0,20.27,0.0,0.0,5.0,12.248000000000001,มี.ค. 2025
S1-REC-0506,PBA04R-02,33.757164924106064,6.0,17.201,0.0,0.0,6.0,34.68899999999999,มี.ค. 2025
S1-REC-0507,RBA04R-03,60.51678257092372,5.0,33.598,0.0,0.0,4.0,60.025,มี.ค. 2025
S1-REC-0508,PTH06R-01,41.48439214538765,5.0,31.555,0.0,0.0,4.0,24.438000000000002,มี.ค. 2025
S1-REC-0509,XPA04R-03,69.65247702545686,2.0,11.487,0.0,0.0,1.0,0.005,มี.ค. 2025
S1-REC-0510,XPA05R-03,9.816676522767594,2.0,2.44,0.0,0.0,2.0,5.185,มี.ค. 2025
S1-REC-0511,CBN03R-05,80.57909094845628,4.0,8.368,0.0,0.0,4.0,5.087000000000001,มี.ค. 2025
S1-REC-0512,CBN03R-06,21.601289629231594,3.0,13.397,0.0,0.0,3.0,4.111,มี.ค. 2025
S1-REC-0513,CBN10R-02,97.93478260869564,1.0,0.003,0.0,0.0,1.0,0.016,มี.ค. 2025
S1-REC-0514,XPA10R-02,48.205582631812135,1.0,1.104,0.0,0.0,1.0,0.065,มี.ค. 2025
S1-REC-0515,DNA10R-02,96.44366905992082,2.0,3.129,0.0,0.0,1.0,1.111,มี.ค. 2025
S1-REC-0516,DNA09R-04,34.28571428571428,1.0,0.041,0.0,0.0,1.0,0.005,มี.ค. 2025
S1-REC-0517,DNA01R-04,62.513586369422946,6.0,16.212,3.0,60.048,4.0,36.519,มี.ค. 2025
S1-REC-0518,DNA05R-01,53.138394598547286,4.0,33.846000000000004,29.0,365.01800000000003,3.0,13.199,มี.ค. 2025
S1-REC-0519,DNA04R-03,49.281849961289396,6.0,36.648,37.0,466.234,5.0,34.95,มี.ค. 2025
S1-REC-0520,PBB02R-01,50.03878428883718,1.0,4.912,0.0,0.0,1.0,2.173,มี.ค. 2025
S1-REC-0521,PBB05R-01,60.95169718000878,2.0,5.047999999999999,7.0,30.632,2.0,13.269,มี.ค. 2025
S1-REC-0522,KDA01R-05,56.9319013174734,8.0,48.3,4.0,53.973000000000006,7.0,111.42099999999999,มี.ค. 2025
S1-REC-0523,KDA02R-04,43.51377845550594,1.0,4.193,0.0,0.0,1.0,0.993,มี.ค. 2025
S1-REC-0524,HUB05R-01,39.264160978900044,4.0,194.352,1.0,0.918,1.0,1.029,มี.ค. 2025
S1-REC-0525,HUC05R-02,85.99454111224838,2.0,12.077,0.0,0.0,2.0,5.164,มี.ค. 2025
S1-REC-0526,HUB02R-02,47.7346583811012,45.0,90.057,3.0,29.301000000000002,45.0,270.981,มี.ค. 2025
S1-REC-0527,PNA09R-01,57.17086834733893,1.0,4.02,0.0,0.0,1.0,5.154,มี.ค. 2025
S1-REC-0528,KUA07R-01,74.33314325540138,1.0,2.993,0.0,0.0,1.0,5.109,มี.ค. 2025
S1-REC-0529,KUA01R-01,36.32961950809334,3.0,13.16,0.0,0.0,2.0,1.984,มี.ค. 2025
S1-REC-0530,PDA04R-02,100.0,0.0,0.0,0.0,0.0,0.0,0.0,มี.ค. 2025
S1-REC-0531,KUA05R-02,96.41110585265815,1.0,1.82,0.0,0.0,0.0,0.0,มี.ค. 2025
S1-REC-0532,BSP07R-03,86.86901163912287,2.0,5.173,0.0,0.0,2.0,7.079,มี.ค. 2025
S1-REC-0533,BSP10R-01,32.145150931278096,1.0,0.003,0.0,0.0,1.0,2.11,มี.ค. 2025
S1-REC-0534,BSR06R-01,60.15598175307794,1.0,3.093,0.0,0.0,1.0,5.03,มี.ค. 2025
S1-REC-0535,BSR01R-01,84.29211062090097,6.0,28.297,0.0,0.0,6.0,10.048,มี.ค. 2025
S1-REC-0536,BSR01R-03,100.0,0.0,0.0,0.0,0.0,0.0,0.0,มี.ค. 2025
S1-REC-0537,CPA04R-04,100.0,0.0,0.0,0.0,0.0,0.0,0.0,มี.ค. 2025
S1-REC-0538,TSE02R-08,46.29194411803107,2.0,5.155,0.0,0.0,2.0,3.072,มี.ค. 2025
S1-REC-0539,TSE05R-05,100.0,0.0,0.0,0.0,0.0,0.0,0.0,มี.ค. 2025
S1-REC-0540,CPA07R-01,66.28417518355903,4.0,9.088,0.0,0.0,3.0,18.326,มี.ค. 2025
S1-REC-0541,CPB08R-02,41.520859003696536,3.0,11.886000000000001,0.0,0.0,3.0,71.169,มี.ค. 2025
S1-REC-0542,LSA01R-04,0.0,8.0,141.547,0.0,0.0,8.0,240.989,มี.ค. 2025
S1-REC-0543,LSA01R-02,29.30911782288138,4.0,9.366999999999999,0.0,0.0,4.0,65.132,มี.ค. 2025
S1-REC-0544,LSA01R-07,92.06771775652622,1.0,3.069,0.0,0.0,0.0,0.0,มี.ค. 2025
S1-REC-0545,LSA10R-02,90.92391669842407,2.0,15.869,4.0,6.4350000000000005,2.0,10.086,มี.ค. 2025
S1-REC-0546,LSA09R-06,100.0,0.0,0.0,0.0,0.0,0.0,0.0,มี.ค. 2025
S1-REC-0547,LSA04R-04,77.22230473078724,2.0,14.885,0.0,0.0,1.0,5.053,มี.ค. 2025
S1-REC-0548,DNA04R-02,46.88677611344957,10.0,73.065,19.0,210.533,9.0,121.197,มี.ค. 2025
S1-REC-0549,TSE06R-01,100.0,0.0,0.0,0.0,0.0,0.0,0.0,มี.ค. 2025
S1-REC-0550,TSE02R-02,63.99995660357911,4.0,14.451,3.0,23.517000000000003,4.0,28.397,มี.ค. 2025
S1-REC-0551,CPA04R-02,100.0,0.0,0.0,0.0,0.0,0.0,0.0,มี.ค. 2025
S1-REC-0552,CPB07R-01,98.07298190461378,2.0,8.082,0.0,0.0,2.0,6.041,มี.ค. 2025
S1-REC-0553,CPB09R-01,51.60315906713018,4.0,14.142,0.0,0.0,4.0,14.537,มี.ค. 2025
S1-REC-0554,CPA06R-04,29.12441087956391,4.0,14.123000000000001,0.0,0.0,5.0,110.696,มี.ค. 2025
S1-REC-0555,PDA04R-04,62.42295998324509,3.0,28.359,7.0,187.206,3.0,44.594,มี.ค. 2025
S1-REC-0556,PBB01R-04,21.548061117243524,456.0,2385.82,16.0,309.251,462.0,57070.956,มี.ค. 2025
S1-REC-0557,BSP04R-02,100.0,0.0,0.0,0.0,0.0,0.0,0.0,มี.ค. 2025
S1-REC-0558,BSR01R-02,57.95511450990005,38.0,165.32,22.0,99.05799999999999,44.0,980.759,มี.ค. 2025
S1-REC-0559,PNA09R-03,92.47550884534905,1.0,5.08,3.0,15.161999999999999,1.0,5.074,มี.ค. 2025
S1-REC-0560,KUA09R-02,86.50137401569953,3.0,14.199,1.0,16.331,3.0,13.286000000000001,มี.ค. 2025
S1-REC-0561,PTR01R-01,52.3842492281025,8.0,60.824,10.0,153.668,8.0,66.799,มี.ค. 2025
S1-REC-3300,TMV01R-01 (Nulec ADVC),88.3598844788121,26.0,36.208,4.0,92.178,3.0,2.967,มี.ค. 2025
S1-REC-3301,BPC02R-01 (Cooper 4C),63.99832377842644,660.0,49343.114,301.0,11307.011,4.0,11.123999999999999,มี.ค. 2025
S1-REC-3302,BPB11R-02 (Cooper 4C),36.63762709551213,5.0,14.633,11.0,107.25,6.0,17.397,มี.ค. 2025
S1-REC-3303,BPB11R-01 (Cooper 4C),46.610590673380784,4.0,26.494999999999997,2.0,14.159,4.0,16.281,มี.ค. 2025
S1-REC-3304,NOM01R-02  (Shin Sung Type R6),48.44768512774507,4.0,42.371,15.0,320.881,4.0,68.87599999999999,มี.ค. 2025
S1-REC-3305,BPB10R-01 (Cooper F6),61.86727470830598,4.0,30.582,6.0,18.364,4.0,162.442,มี.ค. 2025
S1-REC-3306,NOM03R-01 (Cooper 4C),53.73948268308285,6.0,27.426000000000002,0.0,0.0,6.0,303.067,มี.ค. 2025
S1-REC-3307,BPB09R-01 (Cooper 4C),55.443018593820106,4.0,223.96200000000002,25.0,498.619,3.0,28.238,มี.ค. 2025
S1-REC-3308,NOM04R-02 (Nulec ADVC),50.981918699755944,1.0,11.167,7.0,42.849999999999994,1.0,2.019,มี.ค. 2025
S1-REC-3309,BPB12R-01 (Cooper F6),29.382258890166803,4.0,50.94499999999999,4.0,79.14699999999999,4.0,82.353,มี.ค. 2025
S1-REC-3310,BPB07R-01 (Cooper F6),22.30534462086255,3.0,17.352999999999998,7.0,99.50900000000001,3.0,96.977,มี.ค. 2025
S1-VSP-0001,CPA02S-09,100.0,0.0,0.0,0.0,0.0,0.0,0.0,มี.ค. 2025
S1-VSP-0002,CPA08S-32,100.0,0.0,0.0,0.0,0.0,0.0,0.0,มี.ค. 2025
S1-VSP-0003,BPB11S-03,100.0,0.0,0.0,0.0,0.0,0.0,0.0,มี.ค. 2025
S1-VSP-0004,CBN02S-20,100.0,0.0,0.0,0.0,0.0,0.0,0.0,มี.ค. 2025
S1-VSP-0005,RBB04S-25,100.0,0.0,0.0,0.0,0.0,0.0,0.0,มี.ค. 2025
S1-VSP-0006,BSP10S-03,100.0,0.0,0.0,0.0,0.0,0.0,0.0,มี.ค. 2025
S1-VSP-0007,BSP05S-04,72.83864421832509,43.0,314.709,201.0,1538.589,43.0,313.205,มี.ค. 2025
S1-VSP-0008,BSR01S-03/02,71.7343881270329,42.0,160.942,222.0,1701.456,42.0,299.25,มี.ค. 2025
S1-VSP-0009,TSE06S-15,84.96196060477823,41.0,61.018,90.0,272.953,42.0,161.039,มี.ค. 2025
S1-VSP-0012,BPB09S-17,69.63958144942514,32.0,53.364,25.0,173.25799999999998,32.0,78.904,มี.ค. 2025
S1-VSP-0013,CPA10S-06,100.0,0.0,0.0,0.0,0.0,0.0,0.0,มี.ค. 2025
S1-VSP-0014,TSE09S-15,49.43039629477458,3.0,14.368,0.0,0.0,3.0,39.788000000000004,มี.ค. 2025
S1-VSP-0015,KHZ06S-07,62.286761016838085,15.0,13.372,115.0,1088.141,16.0,55.343999999999994,มี.ค. 2025
S1-VSP-0016,KHZ06S-08,65.39675719700206,16.0,17.422,167.0,1500.6680000000001,16.0,86.19800000000001,มี.ค. 2025
S1-VSP-0017,KHZ02S-05,62.654852257417595,60.0,188.28,142.0,1314.384,60.0,518.969,มี.ค. 2025
S1-VSP-0018,KHY02S-15,51.31638027375853,533.0,3962.061,524.0,5868.12,532.0,53033.448000000004,มี.ค. 2025
S1-VSP-0019,KHY08S-26,68.26174660882569,28.0,69.51599999999999,290.0,2673.663,27.0,292.975,มี.ค. 2025
S1-VSP-0020,PBB02S-15,70.77204774285532,71.0,157.733,143.0,1194.939,71.0,994.1419999999999,มี.ค. 2025
S1-VSP-0021,PBB02S-16,69.67708250579174,7.0,1.1300000000000001,177.0,1536.689,7.0,23.29,มี.ค. 2025
S1-VSP-0022,CAB01S-22,68.6428359323876,23.0,53.275,156.0,1344.415,24.0,193.682,มี.ค. 2025
S1-VSP-0023,CAB01S-12,68.74380536950734,9.0,8.190999999999999,144.0,1403.936,9.0,29.363999999999997,มี.ค. 2025
S1-VSP-0024,CAA03S-17,56.8878735708073,1098.0,4905.006,248.0,45529.50400000001,1101.0,13081.014,มี.ค. 2025
S1-VSP-0025,CAA06S-14,85.1431527852168,586.0,1911.359,238.0,2589.429,588.0,6986.995,มี.ค. 2025
S1-VSP-0026,KUA01S-08,65.56083663846118,24.0,99.073,115.0,1113.51,24.0,345.629,มี.ค. 2025
S1-VSP-0027,KUA09S-14,64.99251688525176,14.0,66.09,117.0,1043.516,13.0,114.912,มี.ค. 2025
S1-VSP-0028,KUA04S-19,55.54497550550857,19.0,92.168,136.0,1684.219,19.0,80.799,มี.ค. 2025
S1-VSP-0029,KUA05S-20,66.90907156403352,7.0,3.21,126.0,1145.304,7.0,2.2279999999999998,มี.ค. 2025
S1-VSP-0030,KUA08S-08,100.0,0.0,0.0,0.0,0.0,0.0,0.0,มี.ค. 2025
S1-VSP-0031,BSP01S-03,100.0,0.0,0.0,0.0,0.0,0.0,0.0,มี.ค. 2025
S1-VSP-0032,BSP02S-14,100.0,0.0,0.0,0.0,0.0,0.0,0.0,มี.ค. 2025
S1-VSP-0033,BSP06S-20,100.0,0.0,0.0,0.0,0.0,0.0,0.0,มี.ค. 2025
S1-VSP-0034,BSP07S-26,100.0,0.0,0.0,0.0,0.0,0.0,0.0,มี.ค. 2025
S1-VSP-0035,BSR02S-14,100.0,0.0,0.0,0.0,0.0,0.0,0.0,มี.ค. 2025
S1-VSP-0036,PNA08S-16,100.0,0.0,0.0,0.0,0.0,0.0,0.0,มี.ค. 2025
S1-VSP-0037,TSE02S-09,100.0,0.0,0.0,0.0,0.0,0.0,0.0,มี.ค. 2025
S1-VSP-0038,TSE09S-20,100.0,0.0,0.0,0.0,0.0,0.0,0.0,มี.ค. 2025
S1-VSP-0039,TSE09S-16,100.0,0.0,0.0,0.0,0.0,0.0,0.0,มี.ค. 2025
S1-VSP-0040,LSA05S-20,100.0,0.0,0.0,0.0,0.0,0.0,0.0,มี.ค. 2025
S1-VSP-0041,LSA01S-30,100.0,0.0,0.0,0.0,0.0,0.0,0.0,มี.ค. 2025
S1-VSP-0042,LSA01S-31,100.0,0.0,0.0,0.0,0.0,0.0,0.0,มี.ค. 2025
S1-VSP-0043,CPA04S-12,100.0,0.0,0.0,0.0,0.0,0.0,0.0,มี.ค. 2025
S1-VSP-0044,CPA09S-17,100.0,0.0,0.0,0.0,0.0,0.0,0.0,มี.ค. 2025
S1-VSP-0045,PTH03S-10,100.0,0.0,0.0,0.0,0.0,0.0,0.0,มี.ค. 2025
S1-VSP-0046,SSA07S-14,100.0,0.0,0.0,0.0,0.0,0.0,0.0,มี.ค. 2025
S1-VSP-0047,PBA06S-34,100.0,0.0,0.0,0.0,0.0,0.0,0.0,มี.ค. 2025
S1-VSP-0048,RIU03S-15,100.0,0.0,0.0,0.0,0.0,0.0,0.0,มี.ค. 2025
S1-VSP-0049,PTH08S-05,100.0,0.0,0.0,0.0,0.0,0.0,0.0,มี.ค. 2025
S1-VSP-0050,CBN05S-22,100.0,0.0,0.0,0.0,0.0,0.0,0.0,มี.ค. 2025
S1-VSP-0051,CBN08S-13,100.0,0.0,0.0,0.0,0.0,0.0,0.0,มี.ค. 2025
S1-VSP-0052,LSA02S-08,100.0,0.0,0.0,0.0,0.0,0.0,0.0,มี.ค. 2025
S1-VSP-0053,RNA03S-10,100.0,0.0,0.0,0.0,0.0,0.0,0.0,มี.ค. 2025
S1-VSP-3300,BPB02S-08,100.0,0.0,0.0,0.0,0.0,0.0,0.0,มี.ค. 2025
S1-VSP-3301,BPB07S-10,100.0,0.0,0.0,0.0,0.0,0.0,0.0,มี.ค. 2025
S1-VSP-3302,NOM02S-08,100.0,0.0,0.0,0.0,0.0,0.0,0.0,มี.ค. 2025
